test_id,campaign,temperature_C,fuel_vol_pct,n2_added_vol_pct,o2_vol_pct,ignited,regime
A001,A,25.0,4.153,7.000,18.613,0,lean
A002,A,25.0,9.184,25.672,13.648,0,rich
A003,A,25.0,15.253,16.582,14.281,0,rich
A004,A,25.0,18.414,21.943,12.495,0,rich
A005,A,25.0,12.687,28.780,12.263,0,rich
A006,A,25.0,11.930,2.776,17.869,1,flammable
A007,A,25.0,13.343,17.730,14.440,0,rich
A008,A,25.0,6.665,2.996,18.926,1,flammable
A009,A,25.0,4.725,9.024,18.070,0,lean
A010,A,25.0,5.853,18.713,15.803,1,flammable
A011,A,25.0,14.728,3.150,17.205,1,flammable
A012,A,25.0,9.555,39.254,10.725,0,rich
A013,A,25.0,19.672,42.772,7.868,0,inerted
A014,A,25.0,13.813,31.699,11.415,0,rich
A015,A,25.0,13.003,42.607,9.300,0,inerted
A016,A,25.0,11.643,2.278,18.034,1,flammable
A017,A,25.0,10.387,40.092,10.375,0,rich
A018,A,25.0,15.166,1.728,17.411,1,flammable
A019,A,25.0,12.328,48.985,8.105,0,inerted
A020,A,25.0,10.735,4.314,17.797,1,flammable
A021,A,25.0,13.041,12.459,15.608,1,flammable
A022,A,25.0,15.064,38.782,9.669,0,rich
A023,A,25.0,19.628,35.538,9.393,0,rich
A024,A,25.0,16.281,31.130,11.017,0,rich
A025,A,25.0,18.208,25.382,11.818,0,rich
A026,A,25.0,11.849,36.683,10.783,0,rich
A027,A,25.0,3.552,48.762,9.990,0,inerted
A028,A,25.0,10.423,45.214,9.294,0,inerted
A029,A,25.0,7.131,39.509,11.179,0,rich
A030,A,25.0,14.560,1.173,17.654,1,flammable
A031,A,25.0,16.330,8.206,15.810,0,rich
A032,A,25.0,5.546,34.625,12.534,1,flammable
A033,A,25.0,6.145,42.801,10.696,0,inerted
A034,A,25.0,9.424,39.609,10.678,0,rich
A035,A,25.0,5.637,3.000,19.140,1,flammable
A036,A,25.0,10.026,4.718,17.861,1,flammable
A037,A,25.0,8.776,28.259,13.191,0,rich
A038,A,25.0,8.831,34.397,11.894,0,rich
A039,A,25.0,19.807,40.578,8.299,0,rich
A040,A,25.0,0.522,47.203,10.952,0,lean
A041,A,25.0,6.563,13.138,16.822,1,flammable
A042,A,25.0,1.062,1.404,20.433,0,lean
A043,A,25.0,1.089,49.616,10.327,0,lean
A044,A,25.0,13.338,46.385,8.438,0,inerted
A045,A,25.0,17.263,31.174,10.803,0,rich
A046,A,25.0,18.278,17.329,13.490,0,rich
A047,A,25.0,2.743,47.775,10.366,0,inerted
A048,A,25.0,8.459,0.145,19.147,1,flammable
A049,A,25.0,9.535,44.804,9.566,0,inerted
A050,A,25.0,9.054,46.758,9.257,0,inerted
A051,A,25.0,19.746,26.628,11.235,0,rich
A052,A,25.0,14.200,8.961,16.098,0,rich
A053,A,25.0,16.065,47.619,7.608,0,inerted
A054,A,25.0,8.852,8.510,17.313,1,flammable
A055,A,25.0,6.835,44.936,10.104,0,inerted
A056,A,25.0,19.249,41.765,8.168,0,inerted
A057,A,25.0,9.787,8.338,17.153,1,flammable
A058,A,25.0,9.308,38.365,10.962,0,rich
A059,A,25.0,9.837,38.670,10.788,0,rich
A060,A,25.0,9.633,43.987,9.717,0,inerted
A061,A,25.0,10.393,27.243,13.065,0,rich
A062,A,25.0,0.285,21.468,16.393,0,lean
A063,A,25.0,19.201,12.877,14.230,0,rich
A064,A,25.0,9.844,21.099,14.467,1,flammable
A065,A,25.0,17.249,35.711,9.855,0,rich
A066,A,25.0,9.107,29.902,12.778,0,rich
A067,A,25.0,16.594,18.405,13.618,0,rich
A068,A,25.0,14.808,19.075,13.852,0,rich
A069,A,25.0,11.896,9.478,16.472,1,flammable
A070,A,25.0,1.676,49.489,10.231,0,inerted
A071,A,25.0,19.022,43.978,7.752,0,inerted
A072,A,25.0,8.607,11.471,16.744,1,flammable
A073,A,25.0,4.964,23.240,15.041,0,lean
A074,A,25.0,1.484,9.346,18.681,0,lean
A075,A,25.0,7.376,49.908,8.949,0,inerted
A076,A,25.0,3.238,35.435,12.848,0,lean
A077,A,25.0,2.753,32.246,13.618,0,lean
A078,A,25.0,3.288,28.639,14.261,0,lean
A079,A,25.0,15.718,30.205,11.329,0,rich
A080,A,25.0,9.333,42.297,10.134,0,inerted
A081,A,25.0,19.908,22.594,12.046,0,rich
A082,A,25.0,10.426,38.648,10.669,0,rich
A083,A,25.0,18.751,42.898,8.035,0,inerted
A084,A,25.0,3.618,49.396,9.844,0,inerted
A085,A,25.0,5.874,0.657,19.582,1,flammable
A086,A,25.0,16.427,1.733,17.145,0,rich
A087,A,25.0,18.026,35.509,9.734,0,rich
A088,A,25.0,5.175,18.599,15.969,1,flammable
A089,A,25.0,11.790,14.826,15.374,1,flammable
A090,A,25.0,10.826,6.842,17.249,1,flammable
A091,A,25.0,17.236,12.836,14.650,0,rich
A092,A,25.0,15.250,25.239,12.468,0,rich
A093,A,25.0,12.741,45.677,8.712,0,inerted
A094,A,25.0,5.380,13.779,16.936,1,flammable
A095,A,25.0,11.193,45.519,9.069,0,inerted
A096,A,25.0,9.291,38.797,10.876,0,rich
A097,A,25.0,14.157,47.769,7.977,0,inerted
A098,A,25.0,12.297,30.708,11.941,0,rich
A099,A,25.0,16.142,0.346,17.496,0,rich
A100,A,25.0,18.541,6.634,15.676,0,rich
A101,A,25.0,11.285,13.621,15.732,1,flammable
A102,A,25.0,10.412,38.526,10.698,0,rich
A103,A,25.0,2.792,41.543,11.662,0,lean
A104,A,25.0,10.495,2.362,18.256,1,flammable
A105,A,25.0,9.932,4.403,17.947,1,flammable
A106,A,25.0,10.833,30.028,12.390,0,rich
A107,A,25.0,0.428,19.047,16.870,0,lean
A108,A,25.0,4.854,14.994,16.792,0,lean
A109,A,25.0,12.739,35.281,10.890,0,rich
A110,A,25.0,6.817,31.902,12.838,1,flammable
A111,A,25.0,4.178,47.383,10.148,0,inerted
A112,A,25.0,0.900,26.596,15.190,0,lean
A113,A,25.0,3.772,36.396,12.535,0,lean
A114,A,25.0,5.934,8.722,17.880,1,flammable
A115,A,25.0,3.904,27.952,14.276,0,lean
A116,A,25.0,0.066,33.357,13.948,0,lean
A117,A,25.0,14.899,3.502,17.095,1,flammable
A118,A,25.0,16.161,2.947,16.947,0,rich
A119,A,25.0,11.946,24.385,13.339,0,rich
A120,A,25.0,12.278,6.959,16.920,1,flammable
A121,A,25.0,14.094,13.459,15.178,0,rich
A122,A,25.0,15.737,28.819,11.616,0,rich
A123,A,25.0,1.887,26.397,15.024,0,lean
A124,A,25.0,16.436,0.243,17.456,0,rich
A125,A,25.0,18.632,43.318,7.972,0,inerted
A126,A,25.0,15.089,33.511,10.768,0,rich
A127,A,25.0,14.533,35.491,10.470,0,rich
A128,A,25.0,8.576,47.479,9.206,0,inerted
A129,A,25.0,18.969,42.435,8.086,0,inerted
A130,A,25.0,10.004,44.154,9.604,0,inerted
A131,A,25.0,11.656,17.867,14.765,0,rich
A132,A,25.0,3.952,1.969,19.710,0,lean
A133,A,25.0,13.670,9.164,16.166,0,rich
A134,A,25.0,16.257,21.261,13.090,0,rich
A135,A,25.0,19.816,11.865,14.313,0,rich
A136,A,25.0,15.842,10.746,15.380,0,rich
A137,A,25.0,15.819,47.566,7.671,0,inerted
A138,A,25.0,18.025,23.226,12.308,0,rich
A139,A,25.0,9.383,48.235,8.879,0,inerted
A140,A,25.0,16.275,31.708,10.898,0,rich
A141,A,25.0,2.416,32.054,13.729,0,lean
A142,A,25.0,17.402,32.879,10.416,0,rich
A143,A,25.0,11.501,9.678,16.513,1,flammable
A144,A,25.0,5.807,48.350,9.604,0,inerted
A145,A,25.0,2.548,18.718,16.495,0,lean
A146,A,25.0,14.863,13.412,15.026,0,rich
A147,A,25.0,6.892,18.556,15.619,1,flammable
A148,A,25.0,10.883,10.142,16.545,1,flammable
A149,A,25.0,1.536,26.086,15.163,0,lean
A150,A,25.0,16.890,11.108,15.084,0,rich
A151,A,25.0,19.495,32.678,10.020,0,rich
A152,A,25.0,9.909,43.580,9.744,0,inerted
A153,A,25.0,0.937,6.645,19.362,0,lean
A154,A,25.0,7.907,34.027,12.165,1,flammable
A155,A,25.0,15.896,46.548,7.868,0,inerted
A156,A,25.0,18.202,33.247,10.171,0,rich
A157,A,25.0,14.121,30.865,11.525,0,rich
A158,A,25.0,18.538,5.309,15.954,0,rich
A159,A,25.0,11.248,10.121,16.473,1,flammable
A160,A,25.0,7.728,5.303,18.220,1,flammable
A161,A,25.0,4.513,5.730,18.804,0,lean
A162,A,25.0,19.284,9.260,14.970,0,rich
A163,A,25.0,12.932,24.699,13.066,0,rich
A164,A,25.0,2.373,1.174,20.207,0,lean
A165,A,25.0,10.363,39.619,10.479,0,rich
A166,A,25.0,4.071,37.967,12.143,0,lean
A167,A,25.0,14.696,46.688,8.090,0,inerted
A168,A,25.0,6.454,28.511,13.625,1,flammable
A169,A,25.0,3.805,40.739,11.618,0,lean
A170,A,25.0,2.191,14.881,17.373,0,lean
A171,A,25.0,5.005,11.224,17.550,0,lean
A172,A,25.0,9.983,6.504,17.496,1,flammable
A173,A,25.0,0.912,0.557,20.642,0,lean
A174,A,25.0,2.700,40.142,11.975,0,lean
A175,A,25.0,0.133,35.719,13.439,0,lean
A176,A,25.0,11.078,26.154,13.150,0,rich
A177,A,25.0,10.535,9.795,16.691,1,flammable
A178,A,25.0,13.230,22.251,13.517,0,rich
A179,A,25.0,18.409,43.951,7.886,0,inerted
A180,A,25.0,19.524,39.182,8.651,0,rich
A181,A,25.0,0.782,33.795,13.706,0,lean
A182,A,25.0,4.574,2.705,19.425,0,lean
A183,A,25.0,0.238,23.011,16.079,0,lean
A184,A,25.0,0.105,20.712,16.589,0,lean
A185,A,25.0,8.325,7.102,17.718,1,flammable
A186,A,25.0,6.281,12.744,16.964,1,flammable
A187,A,25.0,5.363,2.359,19.332,1,flammable
A188,A,25.0,12.348,13.076,15.624,1,flammable
A189,A,25.0,11.107,3.123,17.969,1,flammable
A190,A,25.0,9.227,19.668,14.896,1,flammable
A191,A,25.0,19.565,0.615,16.722,0,rich
A192,A,25.0,8.079,25.870,13.838,1,flammable
A193,A,25.0,14.364,2.626,17.391,1,flammable
A194,A,25.0,14.795,1.799,17.474,1,flammable
A195,A,25.0,18.089,11.231,14.807,0,rich
A196,A,25.0,5.623,36.396,12.147,1,flammable
A197,A,25.0,1.936,22.648,15.800,0,lean
A198,A,25.0,5.816,36.331,12.120,1,flammable
A199,A,25.0,19.853,18.828,12.846,0,rich
A200,A,25.0,2.907,49.467,9.978,0,inerted
A201,A,25.0,15.035,16.167,14.413,0,rich
A202,A,25.0,18.091,42.988,8.154,0,inerted
A203,A,25.0,13.558,38.622,10.018,0,rich
A204,A,25.0,18.473,42.393,8.199,0,inerted
A205,A,25.0,14.238,43.548,8.844,0,inerted
A206,A,25.0,8.369,30.113,12.888,1,flammable
A207,A,25.0,0.085,7.791,19.300,0,lean
A208,A,25.0,12.184,40.656,9.880,0,rich
A209,A,25.0,8.842,34.299,11.912,0,rich
A210,A,25.0,1.279,0.326,20.614,0,lean
A211,A,25.0,6.187,16.138,16.273,1,flammable
A212,A,25.0,8.181,34.732,11.960,0,rich
A213,A,25.0,14.009,13.124,15.266,0,rich
A214,A,25.0,14.137,32.950,11.085,0,rich
A215,A,25.0,8.966,33.997,11.949,0,rich
A216,A,25.0,13.646,11.560,15.669,0,rich
A217,A,25.0,18.373,44.840,7.707,0,inerted
A218,A,25.0,8.962,34.158,11.916,0,rich
A219,A,25.0,10.334,43.441,9.684,0,inerted
A220,A,25.0,11.105,35.593,11.167,0,rich
A221,A,25.0,2.512,3.432,19.705,0,lean
A222,A,25.0,16.806,20.871,13.057,0,rich
A223,A,25.0,11.046,15.938,15.297,1,flammable
A224,A,25.0,9.533,37.442,11.109,0,rich
A225,A,25.0,13.371,35.425,10.727,0,rich
A226,A,25.0,12.817,21.450,13.771,0,rich
A227,A,25.0,12.332,9.673,16.340,1,flammable
A228,A,25.0,12.872,18.392,14.400,0,rich
A229,A,25.0,8.860,3.337,18.395,1,flammable
A230,A,25.0,5.185,48.340,9.737,0,inerted
A231,A,25.0,18.843,9.550,15.002,0,rich
A232,A,25.0,7.020,45.478,9.952,0,inerted
A233,A,25.0,5.089,30.678,13.457,0,lean
A234,A,25.0,6.791,19.231,15.499,1,flammable
A235,A,25.0,0.736,42.052,11.986,0,lean
A236,A,25.0,16.649,23.179,12.606,0,rich
A237,A,25.0,19.990,44.124,7.518,0,inerted
A238,A,25.0,17.733,33.803,10.153,0,rich
A239,A,25.0,4.967,19.919,15.736,1,flammable
A240,A,25.0,14.985,20.164,13.586,0,rich
A241,A,25.0,14.167,14.641,14.915,0,rich
A242,A,25.0,5.708,29.062,13.666,1,flammable
A243,A,25.0,2.214,15.149,17.313,0,lean
A244,A,25.0,19.523,25.020,11.618,0,rich
A245,A,25.0,12.504,23.099,13.491,0,rich
A246,A,25.0,16.451,16.650,14.015,0,rich
A247,A,25.0,12.807,5.212,17.175,1,flammable
A248,A,25.0,13.042,17.264,14.601,0,rich
A249,A,25.0,1.829,14.677,17.492,0,lean
A250,A,25.0,3.835,23.010,15.326,0,lean
A251,A,25.0,9.067,15.125,15.882,1,flammable
A252,A,25.0,15.611,3.393,16.969,1,flammable
A253,A,25.0,7.350,12.040,16.888,1,flammable
A254,A,25.0,18.247,24.302,12.036,0,rich
A255,A,25.0,15.537,29.735,11.466,0,rich
A256,A,25.0,3.714,28.948,14.107,0,lean
A257,A,25.0,7.817,22.478,14.603,1,flammable
A258,A,25.0,12.074,29.101,12.324,0,rich
A259,A,25.0,7.710,14.435,16.311,1,flammable
A260,A,25.0,10.931,0.820,18.488,1,flammable
A261,A,25.0,4.547,44.566,10.661,0,inerted
A262,A,25.0,5.745,26.464,14.202,1,flammable
A263,A,25.0,12.767,39.393,10.022,0,rich
A264,A,25.0,18.596,46.634,7.284,0,inerted
A265,A,25.0,16.671,2.423,16.950,0,rich
A266,A,25.0,8.104,13.462,16.432,1,flammable
A267,A,25.0,6.795,46.445,9.796,0,inerted
A268,A,25.0,5.202,47.241,9.963,0,inerted
A269,A,25.0,4.039,29.054,14.017,0,lean
A270,A,25.0,13.742,37.441,10.227,0,rich
A271,A,25.0,1.984,34.090,13.393,0,lean
A272,A,25.0,0.635,14.588,17.761,0,lean
A273,A,25.0,4.498,39.601,11.711,0,lean
A274,A,25.0,7.285,21.335,14.954,1,flammable
A275,A,25.0,11.949,19.606,14.339,0,rich
A276,A,25.0,2.126,43.869,11.314,0,lean
A277,A,25.0,8.518,36.204,11.581,0,rich
A278,A,25.0,5.764,47.880,9.712,0,inerted
A279,A,25.0,4.252,42.259,11.206,0,lean
A280,A,25.0,5.730,19.181,15.731,1,flammable
A281,A,25.0,13.666,2.777,17.505,1,flammable
A282,A,25.0,19.314,42.999,7.896,0,inerted
A283,A,25.0,7.304,25.082,14.165,1,flammable
A284,A,25.0,12.449,27.661,12.547,0,rich
A285,A,25.0,8.020,29.115,13.170,1,flammable
A286,A,25.0,16.199,13.939,14.636,0,rich
A287,A,25.0,4.248,4.368,19.145,0,lean
A288,A,25.0,17.067,3.110,16.723,0,rich
A289,A,25.0,8.947,15.556,15.817,1,flammable
A290,A,25.0,10.644,21.448,14.227,1,flammable
A291,A,25.0,12.400,37.674,10.459,0,rich
A292,A,25.0,3.131,45.121,10.841,0,lean
A293,A,25.0,3.973,1.285,19.848,0,lean
A294,A,25.0,10.339,25.347,13.474,0,rich
A295,A,25.0,1.414,42.007,11.853,0,lean
A296,A,25.0,17.237,28.241,11.422,0,rich
A297,A,25.0,12.447,21.840,13.767,0,rich
A298,A,25.0,12.641,2.999,17.673,1,flammable
A299,A,25.0,2.132,33.997,13.381,0,lean
A300,A,25.0,7.831,10.221,17.168,1,flammable
A301,A,25.0,11.005,32.088,11.922,0,rich
A302,A,25.0,3.724,34.775,12.884,0,lean
A303,A,25.0,5.856,6.907,18.276,1,flammable
A304,A,25.0,11.212,28.879,12.551,0,rich
A305,A,25.0,4.934,26.303,14.406,0,lean
A306,A,25.0,17.957,27.497,11.427,0,rich
A307,A,25.0,10.206,5.472,17.665,1,flammable
A308,A,25.0,13.522,3.077,17.472,1,flammable
A309,A,25.0,15.224,27.780,11.941,0,rich
A310,A,25.0,10.737,27.456,12.948,0,rich
A311,A,25.0,18.170,15.038,13.993,0,rich
A312,A,25.0,9.224,28.427,13.062,0,rich
A313,A,25.0,17.780,41.930,8.441,0,inerted
A314,A,25.0,13.334,6.403,16.815,1,flammable
A315,A,25.0,7.013,46.109,9.821,0,inerted
A316,A,25.0,7.832,28.033,13.436,1,flammable
A317,A,25.0,4.898,11.313,17.554,0,lean
A318,A,25.0,12.306,40.422,9.903,0,rich
A319,A,25.0,8.110,28.494,13.282,1,flammable
A320,A,25.0,16.537,7.802,15.851,0,rich
A321,A,25.0,6.442,42.293,10.740,0,inerted
A322,A,25.0,18.509,39.679,8.760,0,rich
A323,A,25.0,2.399,6.392,19.108,0,lean
A324,A,25.0,12.497,41.864,9.561,0,inerted
A325,A,25.0,11.694,36.089,10.940,0,rich
A326,A,25.0,16.683,13.372,14.654,0,rich
A327,A,25.0,17.146,31.288,10.803,0,rich
A328,A,25.0,4.899,36.848,12.204,0,lean
A329,A,25.0,15.465,40.361,9.254,0,rich
A330,A,25.0,0.856,45.879,11.159,0,lean
A331,A,25.0,5.601,37.430,11.935,1,flammable
A332,A,25.0,10.402,21.230,14.323,1,flammable
A333,A,25.0,10.483,7.908,17.097,1,flammable
A334,A,25.0,0.103,41.083,12.321,0,lean
A335,A,25.0,9.912,38.806,10.744,0,rich
A336,A,25.0,15.391,34.442,10.510,0,rich
A337,A,25.0,4.887,36.499,12.280,1,flammable
A338,A,25.0,1.206,28.581,14.709,0,lean
A339,A,25.0,11.130,43.802,9.442,0,inerted
A340,A,25.0,9.201,41.109,10.410,0,rich
A341,A,25.0,6.669,1.041,19.335,1,flammable
A342,A,25.0,5.227,30.412,13.484,1,flammable
A343,A,25.0,4.459,35.295,12.622,0,lean
A344,A,25.0,1.323,34.174,13.513,0,lean
A345,A,25.0,15.269,24.380,12.643,0,rich
A346,A,25.0,2.640,16.665,16.905,0,lean
A347,A,25.0,13.263,3.600,17.417,1,flammable
A348,A,25.0,6.006,44.525,10.364,0,inerted
A349,A,25.0,3.221,29.132,14.172,0,lean
A350,A,25.0,11.998,4.965,17.396,1,flammable
A351,A,25.0,13.462,33.113,11.193,0,rich
A352,A,25.0,14.006,15.418,14.786,0,rich
A353,A,25.0,8.610,22.309,14.472,1,flammable
A354,A,25.0,3.027,34.414,13.106,0,lean
A355,A,25.0,1.256,1.578,20.356,0,lean
A356,A,25.0,14.121,10.947,15.698,0,rich
A357,A,25.0,8.176,2.031,18.812,1,flammable
A358,A,25.0,10.918,2.366,18.167,1,flammable
A359,A,25.0,15.129,2.700,17.215,1,flammable
A360,A,25.0,18.361,2.376,16.606,0,rich
A361,A,25.0,13.533,35.889,10.596,0,rich
A362,A,25.0,17.385,27.194,11.611,0,rich
A363,A,25.0,0.603,47.997,10.768,0,lean
A364,A,25.0,6.253,32.406,12.851,1,flammable
A365,A,25.0,3.990,9.846,18.051,0,lean
A366,A,25.0,7.836,38.881,11.163,0,rich
A367,A,25.0,3.553,26.109,14.736,0,lean
A368,A,25.0,0.828,45.141,11.320,0,lean
A369,A,25.0,6.724,34.935,12.222,0,rich
A370,A,25.0,11.992,29.143,12.332,0,rich
A371,A,25.0,3.933,16.334,16.704,0,lean
A372,A,25.0,1.712,31.041,14.088,0,lean
A373,A,25.0,15.924,16.934,14.066,0,rich
A374,A,25.0,0.781,9.950,18.702,0,lean
A375,A,25.0,3.983,31.578,13.500,0,lean
A376,A,25.0,6.914,42.905,10.513,0,inerted
A377,A,25.0,12.243,40.483,9.904,0,rich
A378,A,25.0,9.441,33.919,11.866,0,rich
A379,A,25.0,12.185,0.011,18.395,1,flammable
A380,A,25.0,15.685,39.418,9.406,0,rich
A381,A,25.0,4.690,6.179,18.673,0,lean
A382,A,25.0,11.353,6.175,17.278,1,flammable
A383,A,25.0,12.725,23.316,13.399,0,rich
A384,A,25.0,2.218,29.657,14.272,0,lean
A385,A,25.0,13.363,13.264,15.372,0,rich
A386,A,25.0,6.064,38.455,11.623,1,flammable
A387,A,25.0,1.637,19.367,16.550,0,lean
A388,A,25.0,7.781,0.267,19.264,1,flammable
A389,A,25.0,2.955,2.075,19.896,0,lean
A390,A,25.0,1.595,34.270,13.436,0,lean
A391,A,25.0,11.342,21.782,14.011,0,rich
A392,A,25.0,17.272,25.886,11.908,0,rich
A393,A,25.0,2.733,2.552,19.843,0,lean
A394,A,25.0,16.422,20.821,13.148,0,rich
A395,A,25.0,2.877,22.948,15.540,0,lean
A396,A,25.0,14.922,43.250,8.763,0,inerted
A397,A,25.0,2.053,17.463,16.861,0,lean
A398,A,25.0,1.618,18.843,16.663,0,lean
A399,A,25.0,7.358,33.718,12.344,1,flammable
A400,A,25.0,15.332,44.812,8.350,0,inerted
A401,A,25.0,13.482,5.389,16.997,1,flammable
A402,A,25.0,19.335,27.231,11.194,0,rich
A403,A,25.0,7.869,45.526,9.764,0,inerted
A404,A,25.0,12.789,18.048,14.490,0,rich
A405,A,25.0,12.434,29.292,12.209,0,rich
A406,A,25.0,18.646,24.628,11.884,0,rich
A407,A,25.0,4.711,21.068,15.549,0,lean
A408,A,25.0,3.623,6.574,18.814,0,lean
A409,A,25.0,10.016,26.758,13.246,0,rich
A410,A,25.0,13.749,29.144,11.964,0,rich
A411,A,25.0,7.328,38.874,11.271,0,rich
A412,A,25.0,17.117,6.266,16.051,0,rich
A413,A,25.0,19.180,35.778,9.436,0,rich
A414,A,25.0,9.870,25.374,13.567,0,rich
A415,A,25.0,0.777,4.501,19.844,0,lean
A416,A,25.0,18.567,33.468,10.049,0,rich
A417,A,25.0,17.423,40.381,8.840,0,rich
A418,A,25.0,11.331,21.003,14.176,0,rich
A419,A,25.0,5.851,40.989,11.137,0,rich
A420,A,25.0,15.346,8.234,16.010,0,rich
A421,A,25.0,12.488,46.923,8.503,0,inerted
A422,A,25.0,3.431,10.290,18.075,0,lean
A423,A,25.0,14.331,2.689,17.384,1,flammable
A424,A,25.0,16.932,3.586,16.652,0,rich
A425,A,25.0,16.936,40.103,9.000,0,rich
A426,A,25.0,7.332,35.333,12.012,0,rich
A427,A,25.0,19.240,34.643,9.661,0,rich
A428,A,25.0,3.588,11.006,17.893,0,lean
A429,A,25.0,18.050,20.971,12.775,0,rich
A430,A,25.0,17.552,35.037,9.932,0,rich
A431,A,25.0,16.763,12.094,14.904,0,rich
A432,A,25.0,13.846,21.987,13.443,0,rich
A433,A,25.0,0.613,26.467,15.277,0,lean
A434,A,25.0,10.413,32.921,11.871,0,rich
A435,A,25.0,11.854,2.900,17.859,1,flammable
A436,A,25.0,17.297,33.087,10.394,0,rich
A437,A,25.0,9.309,0.354,18.926,1,flammable
A438,A,25.0,8.755,32.345,12.340,0,rich
A439,A,25.0,10.326,7.423,17.232,1,flammable
A440,A,25.0,10.383,28.274,12.851,0,rich
A441,A,25.0,10.996,40.479,10.166,0,rich
A442,A,25.0,1.728,43.316,11.513,0,lean
A443,A,25.0,16.289,30.436,11.161,0,rich
A444,A,25.0,16.096,5.400,16.447,0,rich
A445,A,25.0,17.546,29.445,11.105,0,rich
A446,A,25.0,15.644,8.318,15.930,0,rich
A447,A,25.0,9.505,48.193,8.862,0,inerted
A448,A,25.0,19.528,22.234,12.201,0,rich
A449,A,25.0,6.708,32.069,12.826,1,flammable
A450,A,25.0,1.222,40.678,12.172,0,lean
A451,A,25.0,19.304,34.118,9.758,0,rich
A452,A,25.0,6.234,38.014,11.680,0,rich
A453,A,25.0,5.233,28.163,13.954,1,flammable
A454,A,25.0,6.128,31.380,13.092,1,flammable
A455,A,25.0,1.491,27.400,14.897,0,lean
A456,A,25.0,9.076,11.082,16.727,1,flammable
A457,A,25.0,14.043,13.873,15.101,0,rich
A458,A,25.0,9.244,4.215,18.130,1,flammable
A459,A,25.0,18.852,8.504,15.219,0,rich
A460,A,25.0,15.669,17.811,13.936,0,rich
A461,A,25.0,7.573,29.408,13.203,1,flammable
A462,A,25.0,3.949,4.302,19.222,0,lean
A463,A,25.0,17.888,18.791,13.266,0,rich
A464,A,25.0,6.732,43.151,10.500,0,inerted
A465,A,25.0,10.177,17.823,15.084,1,flammable
A466,A,25.0,10.914,24.684,13.492,0,rich
A467,A,25.0,17.167,17.418,13.705,0,rich
A468,A,25.0,3.034,40.671,11.794,0,lean
A469,A,25.0,16.359,27.948,11.668,0,rich
A470,A,25.0,15.092,3.545,17.046,0,rich
A471,A,25.0,7.004,8.550,17.691,1,flammable
A472,A,25.0,1.641,3.815,19.807,0,lean
A473,A,25.0,7.965,44.914,9.872,0,inerted
A474,A,25.0,0.919,33.380,13.764,0,lean
A475,A,25.0,5.855,23.964,14.703,1,flammable
A476,A,25.0,8.108,27.450,13.501,1,flammable
A477,A,25.0,19.958,33.235,9.806,0,rich
A478,A,25.0,10.321,2.507,18.262,1,flammable
A479,A,25.0,14.304,39.754,9.625,0,rich
A480,A,25.0,16.619,21.304,13.005,0,rich
A481,A,25.0,18.901,18.593,13.095,0,rich
A482,A,25.0,14.914,10.006,15.729,0,rich
A483,A,25.0,4.124,42.431,11.197,0,lean
A484,A,25.0,17.911,13.898,14.286,0,rich
A485,A,25.0,4.991,0.169,19.869,1,flammable
A486,A,25.0,11.746,30.218,12.159,0,rich
A487,A,25.0,4.745,40.641,11.442,0,lean
A488,A,25.0,16.578,35.222,10.098,0,rich
A489,A,25.0,6.842,39.840,11.170,0,rich
A490,A,25.0,11.427,17.773,14.833,1,flammable
A491,A,25.0,0.708,2.653,20.246,0,lean
A492,A,25.0,3.125,8.352,18.546,0,lean
A493,A,25.0,3.321,21.508,15.748,0,lean
A494,A,25.0,11.498,20.795,14.184,0,rich
A495,A,25.0,16.011,17.488,13.932,0,rich
A496,A,25.0,14.384,44.477,8.619,0,inerted
A497,A,25.0,10.713,33.566,11.674,0,rich
A498,A,25.0,9.172,13.113,16.281,1,flammable
A499,A,25.0,1.853,11.399,18.174,0,lean
A500,A,25.0,13.131,26.791,12.586,0,rich
A501,A,25.0,6.268,39.665,11.327,0,rich
A502,A,25.0,2.404,13.209,17.679,0,lean
A503,A,25.0,4.802,22.422,15.246,0,lean
A504,A,25.0,16.069,22.925,12.781,0,rich
A505,A,25.0,2.032,31.840,13.854,0,lean
A506,A,25.0,0.723,9.578,18.792,0,lean
A507,A,25.0,5.527,15.428,16.560,1,flammable
A508,A,25.0,10.947,40.942,10.079,0,rich
A509,A,25.0,10.378,39.019,10.601,0,rich
A510,A,25.0,2.557,24.082,15.369,0,lean
A511,A,25.0,9.680,45.760,9.335,0,inerted
A512,A,25.0,9.529,11.536,16.537,1,flammable
A513,A,25.0,15.666,20.946,13.280,0,rich
A514,A,25.0,12.983,9.441,16.252,1,flammable
A515,A,25.0,11.520,43.747,9.372,0,inerted
A516,A,25.0,7.327,9.374,17.451,1,flammable
A517,A,25.0,16.843,27.356,11.690,0,rich
A518,A,25.0,4.765,34.482,12.728,0,lean
A519,A,25.0,18.836,18.228,13.185,0,rich
A520,A,25.0,17.636,19.594,13.150,0,rich
A521,A,25.0,13.896,37.396,10.204,0,rich
A522,A,25.0,10.704,25.362,13.394,0,rich
A523,A,25.0,11.052,39.730,10.311,0,rich
A524,A,25.0,0.384,14.035,17.929,0,lean
A525,A,25.0,19.144,5.671,15.751,0,rich
A526,A,25.0,5.221,17.747,16.138,1,flammable
A527,A,25.0,18.226,30.604,10.720,0,rich
A528,A,25.0,14.634,7.961,16.216,0,rich
A529,A,25.0,0.991,38.793,12.615,0,lean
A530,A,25.0,11.976,38.503,10.375,0,rich
A531,A,25.0,13.079,33.918,11.104,0,rich
A532,A,25.0,4.857,19.367,15.875,0,lean
A533,A,25.0,19.993,40.855,8.202,0,rich
A534,A,25.0,16.322,8.689,15.710,0,rich
A535,A,25.0,8.761,38.327,11.085,0,rich
A536,A,25.0,10.663,45.169,9.253,0,inerted
A537,A,25.0,2.006,24.139,15.473,0,lean
A538,A,25.0,10.007,18.821,14.910,1,flammable
A539,A,25.0,7.013,35.975,11.944,1,flammable
A540,A,25.0,7.228,17.800,15.707,1,flammable
A541,A,25.0,15.591,34.357,10.486,0,rich
A542,A,25.0,11.083,17.473,14.968,1,flammable
A543,A,25.0,0.905,6.261,19.449,0,lean
A544,A,25.0,7.986,9.994,17.183,1,flammable
A545,A,25.0,19.140,8.701,15.117,0,rich
A546,A,25.0,6.587,26.571,14.003,1,flammable
A547,A,25.0,16.831,44.699,8.060,0,inerted
A548,A,25.0,14.912,48.721,7.619,0,inerted
A549,A,25.0,13.850,43.265,8.984,0,inerted
A550,A,25.0,13.241,7.918,16.517,1,flammable
A551,A,25.0,15.719,2.616,17.109,1,flammable
A552,A,25.0,14.275,22.733,13.197,0,rich
A553,A,25.0,4.628,21.370,15.503,1,flammable
A554,A,25.0,9.595,8.672,17.123,1,flammable
A555,A,25.0,0.462,19.223,16.826,0,lean
A556,A,25.0,2.051,4.016,19.679,0,lean
A557,A,25.0,0.716,9.083,18.897,0,lean
A558,A,25.0,16.032,33.850,10.500,0,rich
A559,A,25.0,18.462,36.464,9.443,0,rich
A560,A,25.0,1.929,39.958,12.175,0,lean
A561,A,25.0,7.670,38.043,11.373,0,rich
A562,A,25.0,3.657,2.644,19.630,0,lean
A563,A,25.0,18.502,25.155,11.804,0,rich
A564,A,25.0,8.985,8.696,17.246,1,flammable
A565,A,25.0,12.657,8.351,16.549,1,flammable
A566,A,25.0,10.099,11.509,16.423,1,flammable
A567,A,25.0,19.272,23.495,11.990,0,rich
A568,A,25.0,0.181,9.128,19.000,0,lean
A569,A,25.0,16.246,17.552,13.869,0,rich
A570,A,25.0,10.194,12.703,16.153,1,flammable
A571,A,25.0,18.080,32.903,10.269,0,rich
A572,A,25.0,6.244,26.941,13.998,1,flammable
A573,A,25.0,16.182,7.277,16.035,0,rich
A574,A,25.0,7.171,7.096,17.961,1,flammable
A575,A,25.0,16.895,4.428,16.483,0,rich
A576,A,25.0,18.203,28.833,11.096,0,rich
A577,A,25.0,8.060,25.340,13.953,1,flammable
A578,A,25.0,17.330,3.653,16.554,0,rich
A579,A,25.0,6.566,49.005,9.308,0,inerted
A580,A,25.0,7.156,11.610,17.019,1,flammable
A581,A,25.0,0.852,39.035,12.593,0,lean
A582,A,25.0,8.985,19.431,14.997,1,flammable
A583,A,25.0,13.236,7.768,16.550,1,flammable
A584,A,25.0,12.183,34.439,11.183,0,rich
A585,A,25.0,13.546,17.584,14.428,0,rich
A586,A,25.0,3.017,3.411,19.603,0,lean
A587,A,25.0,17.137,18.782,13.425,0,rich
A588,A,25.0,0.147,44.246,11.650,0,lean
A589,A,25.0,5.116,40.722,11.347,1,flammable
A590,A,25.0,7.680,0.243,19.290,1,flammable
A591,A,25.0,8.207,17.267,15.613,1,flammable
A592,A,25.0,6.251,21.928,15.047,1,flammable
A593,A,25.0,7.417,49.733,8.977,0,inerted
A594,A,25.0,6.740,46.329,9.832,0,inerted
A595,A,25.0,3.842,31.252,13.598,0,lean
A596,A,25.0,14.000,23.399,13.115,0,rich
A597,A,25.0,4.337,43.163,10.999,0,lean
A598,A,25.0,11.069,26.436,13.093,0,rich
A599,A,25.0,9.041,1.985,18.640,1,flammable
A600,A,25.0,4.439,42.520,11.112,0,lean
A601,A,25.0,7.566,13.703,16.494,1,flammable
A602,A,25.0,9.807,17.665,15.195,1,flammable
A603,A,25.0,17.347,26.768,11.708,0,rich
A604,A,25.0,7.646,17.089,15.768,1,flammable
A605,A,25.0,19.921,10.479,14.581,0,rich
A606,A,25.0,17.878,31.030,10.704,0,rich
A607,A,25.0,15.043,3.189,17.130,1,flammable
A608,A,25.0,4.446,0.642,19.884,0,lean
A609,A,25.0,14.551,30.825,11.444,0,rich
A610,A,25.0,7.578,30.539,12.965,1,flammable
A611,A,25.0,1.009,38.842,12.601,0,lean
A612,A,25.0,14.729,21.629,13.333,0,rich
A613,A,25.0,4.855,38.819,11.800,0,lean
A614,A,25.0,9.835,2.046,18.461,1,flammable
A615,A,25.0,8.756,40.829,10.562,0,rich
A616,A,25.0,18.966,44.489,7.656,0,inerted
A617,A,25.0,6.101,14.374,16.660,1,flammable
A618,A,25.0,16.103,13.686,14.709,0,rich
A619,A,25.0,1.008,39.451,12.474,0,lean
A620,A,25.0,8.230,17.220,15.618,1,flammable
A621,A,25.0,8.584,22.850,14.365,1,flammable
A622,A,25.0,5.454,34.646,12.549,1,flammable
A623,A,25.0,4.101,13.713,17.218,0,lean
A624,A,25.0,5.843,39.097,11.535,1,flammable
A625,A,25.0,0.595,21.544,16.312,0,lean
A626,A,25.0,2.293,43.905,11.272,0,lean
A627,A,25.0,10.392,18.681,14.859,1,flammable
A628,A,25.0,8.809,31.784,12.446,0,rich
A629,A,25.0,11.622,19.990,14.327,0,rich
A630,A,25.0,6.351,10.372,17.447,1,flammable
A631,A,25.0,1.189,26.069,15.239,0,lean
A632,A,25.0,14.894,1.269,17.564,1,flammable
A633,A,25.0,3.265,27.674,14.468,0,lean
A634,A,25.0,18.317,46.197,7.434,0,inerted
A635,A,25.0,8.827,37.710,11.200,0,rich
A636,A,25.0,10.526,1.952,18.336,1,flammable
A637,A,25.0,10.505,49.919,8.291,0,inerted
A638,A,25.0,13.559,49.251,7.791,0,inerted
A639,A,25.0,8.838,9.604,17.086,1,flammable
A640,A,25.0,3.650,17.825,16.451,0,lean
A641,A,25.0,16.401,36.529,9.861,0,rich
A642,A,25.0,6.866,24.309,14.419,1,flammable
A643,A,25.0,2.343,40.464,11.982,0,lean
A644,A,25.0,5.141,31.791,13.213,0,lean
A645,A,25.0,9.521,47.997,8.900,0,inerted
A646,A,25.0,11.807,17.281,14.856,0,rich
A647,A,25.0,2.286,16.002,17.119,0,lean
A648,A,25.0,1.578,30.215,14.289,0,lean
A649,A,25.0,15.140,24.355,12.676,0,rich
A650,A,25.0,13.538,15.304,14.908,0,rich
A651,A,25.0,11.412,39.497,10.285,0,rich
A652,A,25.0,0.351,6.765,19.459,0,lean
A653,A,25.0,10.089,32.836,11.957,0,rich
A654,A,25.0,0.864,11.716,18.315,0,lean
A655,A,25.0,13.764,29.464,11.894,0,rich
A656,A,25.0,13.302,1.187,17.915,1,flammable
A657,A,25.0,6.112,10.135,17.546,1,flammable
A658,A,25.0,5.995,6.946,18.239,1,flammable
A659,A,25.0,5.604,20.255,15.533,1,flammable
A660,A,25.0,0.505,41.656,12.117,0,lean
A661,A,25.0,11.418,31.464,11.966,0,rich
A662,A,25.0,13.062,20.518,13.915,0,rich
A663,A,25.0,7.628,5.879,18.120,1,flammable
A664,A,25.0,0.480,38.987,12.682,0,lean
A665,A,25.0,3.479,28.223,14.308,0,lean
A666,A,25.0,1.912,41.918,11.767,0,lean
A667,A,25.0,19.270,40.685,8.389,0,rich
A668,A,25.0,18.463,28.539,11.103,0,rich
A669,A,25.0,3.212,17.609,16.588,0,lean
A670,A,25.0,16.883,12.910,14.708,0,rich
A671,A,25.0,13.632,48.526,7.928,0,inerted
A672,A,25.0,18.079,4.657,16.187,0,rich
A673,A,25.0,19.880,11.673,14.340,0,rich
A674,A,25.0,7.529,23.346,14.482,1,flammable
A675,A,25.0,3.116,35.260,12.910,0,lean
A676,A,25.0,18.381,32.008,10.394,0,rich
A677,A,25.0,2.261,3.258,19.794,0,lean
A678,A,25.0,6.874,23.292,14.630,1,flammable
A679,A,25.0,3.133,21.107,15.872,0,lean
A680,A,25.0,17.726,39.519,8.957,0,rich
A681,A,25.0,14.430,7.693,16.315,0,rich
A682,A,25.0,15.029,8.758,15.966,0,rich
A683,A,25.0,14.407,46.136,8.266,0,inerted
A684,A,25.0,5.794,35.317,12.337,1,flammable
A685,A,25.0,19.792,37.670,8.912,0,rich
A686,A,25.0,8.180,39.400,10.982,0,rich
A687,A,25.0,11.738,43.127,9.456,0,inerted
A688,A,25.0,19.077,36.756,9.253,0,rich
A689,A,25.0,10.599,6.935,17.277,1,flammable
A690,A,25.0,17.994,1.598,16.845,0,rich
A691,A,25.0,7.463,32.028,12.676,1,flammable
A692,A,25.0,18.894,28.504,11.020,0,rich
A693,A,25.0,7.759,21.001,14.925,1,flammable
A694,A,25.0,2.497,12.066,17.899,0,lean
A695,A,25.0,10.661,11.697,16.266,1,flammable
A696,A,25.0,10.618,39.611,10.427,0,rich
A697,A,25.0,13.822,21.992,13.447,0,rich
A698,A,25.0,15.637,25.470,12.338,0,rich
A699,A,25.0,4.494,30.591,13.600,0,lean
A700,A,25.0,19.734,27.417,11.072,0,rich
A701,A,25.0,13.667,25.873,12.666,0,rich
A702,A,25.0,12.187,6.057,17.128,1,flammable
A703,A,25.0,13.155,45.014,8.763,0,inerted
A704,A,25.0,19.312,38.569,8.824,0,rich
A705,A,25.0,3.811,36.692,12.464,0,lean
A706,A,25.0,1.175,25.358,15.391,0,lean
A707,A,25.0,6.668,27.341,13.825,1,flammable
A708,A,25.0,0.545,17.250,17.222,0,lean
A709,A,25.0,2.639,13.836,17.499,0,lean
A710,A,25.0,3.913,17.877,16.385,0,lean
A711,A,25.0,14.707,34.136,10.717,0,rich
A712,A,25.0,3.660,13.326,17.391,0,lean
A713,A,25.0,14.090,41.466,9.311,0,rich
A714,A,25.0,16.405,18.434,13.651,0,rich
A715,A,25.0,19.487,7.085,15.383,0,rich
A716,A,25.0,13.968,8.376,16.269,0,rich
A717,A,25.0,5.127,24.063,14.835,0,lean
A718,A,25.0,17.005,8.748,15.555,0,rich
A719,A,25.0,1.619,1.058,20.389,0,lean
A720,A,25.0,0.692,46.560,11.051,0,lean
A721,A,25.0,12.243,19.337,14.334,0,rich
A722,A,25.0,10.128,13.142,16.075,1,flammable
A723,A,25.0,7.486,14.350,16.375,1,flammable
A724,A,25.0,3.012,20.211,16.085,0,lean
A725,A,25.0,6.274,30.883,13.166,1,flammable
A726,A,25.0,13.322,43.911,8.960,0,inerted
A727,A,25.0,15.646,48.499,7.512,0,inerted
A728,A,25.0,0.410,12.616,18.221,0,lean
A729,A,25.0,15.340,3.538,16.995,0,rich
A730,A,25.0,9.831,33.988,11.770,0,rich
A731,A,25.0,0.730,25.802,15.392,0,lean
A732,A,25.0,15.414,30.910,11.245,0,rich
A733,A,25.0,11.529,45.606,8.980,0,inerted
A734,A,25.0,19.856,3.603,16.035,0,rich
A735,A,25.0,4.016,27.902,14.263,0,lean
A736,A,25.0,18.906,24.419,11.873,0,rich
A737,A,25.0,5.004,8.351,18.152,1,flammable
A738,A,25.0,3.174,32.156,13.548,0,lean
A739,A,25.0,6.100,33.748,12.602,1,flammable
A740,A,25.0,8.982,6.386,17.730,1,flammable
A741,A,25.0,14.478,45.539,8.376,0,inerted
A742,A,25.0,15.551,17.459,14.034,0,rich
A743,A,25.0,19.906,14.278,13.789,0,rich
A744,A,25.0,8.482,0.198,19.132,1,flammable
A745,A,25.0,9.958,4.498,17.921,1,flammable
A746,A,25.0,10.861,31.257,12.126,0,rich
A747,A,25.0,6.382,34.877,12.306,1,flammable
A748,A,25.0,6.388,22.345,14.930,1,flammable
A749,A,25.0,3.321,24.180,15.189,0,lean
A750,A,25.0,2.163,4.832,19.485,0,lean
A751,A,25.0,18.863,44.907,7.590,0,inerted
A752,A,25.0,16.403,44.930,8.101,0,inerted
A753,A,25.0,17.270,38.793,9.205,0,rich
A754,A,25.0,6.265,35.189,12.265,1,flammable
A755,A,25.0,8.009,14.861,16.159,1,flammable
A756,A,25.0,3.609,16.175,16.805,0,lean
A757,A,25.0,19.943,36.391,9.148,0,rich
A758,A,25.0,13.706,10.054,15.972,0,rich
A759,A,25.0,3.765,48.029,10.099,0,inerted
A760,A,25.0,0.099,36.369,13.310,0,lean
A761,A,25.0,7.246,41.055,10.831,0,rich
A762,A,25.0,12.715,7.579,16.698,1,flammable
A763,A,25.0,12.420,28.115,12.458,0,rich
A764,A,25.0,8.716,24.284,14.036,1,flammable
A765,A,25.0,9.685,3.654,18.156,1,flammable
A766,A,25.0,19.501,45.783,7.273,0,inerted
A767,A,25.0,14.424,38.162,9.933,0,rich
A768,A,25.0,19.695,35.853,9.313,0,rich
A769,A,25.0,15.522,2.907,17.089,0,rich
A770,A,25.0,12.179,11.789,15.929,1,flammable
A771,A,25.0,12.970,48.030,8.171,0,inerted
A772,A,25.0,0.483,48.242,10.742,0,lean
A773,A,25.0,19.168,8.741,15.103,0,rich
A774,A,25.0,15.663,47.934,7.626,0,inerted
A775,A,25.0,10.157,8.916,16.954,1,flammable
A776,A,25.0,0.380,26.788,15.258,0,lean
A777,A,25.0,18.755,8.632,15.212,0,rich
A778,A,25.0,8.553,43.010,10.147,0,inerted
A779,A,25.0,16.934,8.866,15.545,0,rich
A780,A,25.0,8.988,32.621,12.233,0,rich
A781,A,25.0,1.255,39.882,12.332,0,lean
A782,A,25.0,11.467,20.138,14.329,1,flammable
A783,A,25.0,0.848,44.297,11.492,0,lean
A784,A,25.0,17.370,19.086,13.313,0,rich
A785,A,25.0,13.410,35.092,10.789,0,rich
A786,A,25.0,3.121,20.106,16.084,0,lean
A787,A,25.0,8.990,32.790,12.197,0,rich
A788,A,25.0,7.866,16.131,15.923,1,flammable
A789,A,25.0,2.971,2.311,19.843,0,lean
A790,A,25.0,8.890,7.204,17.578,1,flammable
A791,A,25.0,9.701,46.297,9.218,0,inerted
A792,A,25.0,18.226,41.419,8.454,0,rich
A793,A,25.0,1.482,25.967,15.199,0,lean
A794,A,25.0,19.572,20.028,12.654,0,rich
A795,A,25.0,9.589,10.246,16.795,1,flammable
A796,A,25.0,10.303,10.127,16.670,1,flammable
A797,A,25.0,3.270,33.516,13.243,0,lean
A798,A,25.0,16.108,41.860,8.806,0,inerted
A799,A,25.0,13.477,21.955,13.527,0,rich
A800,A,25.0,19.839,41.665,8.065,0,inerted
B001,B,117.9,17.573,12.498,14.650,0,rich
B002,B,98.8,16.105,33.248,10.611,0,rich
B003,B,49.0,5.761,15.746,16.444,1,flammable
B004,B,105.9,14.123,21.057,13.580,0,rich
B005,B,55.8,18.508,22.103,12.442,0,rich
B006,B,100.6,11.671,20.655,14.178,0,rich
B007,B,76.2,17.707,2.008,16.820,0,rich
B008,B,131.1,6.201,30.696,13.220,1,flammable
B009,B,110.1,19.800,30.150,10.485,0,rich
B010,B,58.6,19.634,46.889,7.013,0,inerted
B011,B,37.5,8.003,15.567,16.012,1,flammable
B012,B,120.3,11.910,24.432,13.336,0,rich
B013,B,79.9,7.521,24.719,14.196,1,flammable
B014,B,136.9,19.403,21.472,12.387,0,rich
B015,B,140.9,8.539,9.030,17.269,1,flammable
B016,B,56.9,11.604,10.415,16.337,1,flammable
B017,B,80.5,0.238,14.244,17.916,0,lean
B018,B,86.5,10.677,13.411,15.904,1,flammable
B019,B,102.0,15.104,27.804,11.961,0,rich
B020,B,32.8,9.374,46.233,9.300,0,inerted
B021,B,27.4,3.521,19.611,16.104,0,lean
B022,B,43.6,11.593,5.143,17.444,1,flammable
B023,B,73.6,17.998,12.659,14.527,0,rich
B024,B,84.6,10.598,49.421,8.376,0,inerted
B025,B,76.7,5.038,45.931,10.272,0,inerted
B026,B,43.8,8.819,48.467,8.949,0,inerted
B027,B,126.6,3.390,8.061,18.551,0,lean
B028,B,144.2,14.187,44.914,8.569,0,rich
B029,B,122.6,19.638,0.242,16.785,0,rich
B030,B,103.8,15.321,28.615,11.745,0,rich
B031,B,140.6,19.496,11.565,14.443,0,rich
B032,B,103.7,16.081,34.648,10.322,0,rich
B033,B,70.9,6.194,6.625,18.264,1,flammable
B034,B,112.1,11.395,12.479,15.948,1,flammable
B035,B,62.0,17.171,19.538,13.259,0,rich
B036,B,123.6,7.267,37.164,11.642,0,rich
B037,B,87.7,12.071,22.583,13.690,0,rich
B038,B,77.1,13.918,36.053,10.481,0,rich
B039,B,35.3,13.465,36.822,10.415,0,rich
B040,B,66.4,8.594,43.732,9.988,0,inerted
B041,B,128.0,15.200,46.519,8.020,0,inerted
B042,B,37.4,5.849,37.555,11.857,1,flammable
B043,B,25.6,15.747,9.773,15.604,0,rich
B044,B,43.8,2.247,23.770,15.499,0,lean
B045,B,28.7,13.231,12.976,15.460,0,rich
B046,B,77.9,19.983,12.310,14.185,0,rich
B047,B,39.8,7.522,12.321,16.793,1,flammable
B048,B,98.0,12.731,3.916,17.462,1,flammable
B049,B,123.5,7.814,19.596,15.208,1,flammable
B050,B,38.4,7.968,33.432,12.277,1,flammable
B051,B,56.6,1.416,12.842,17.963,0,lean
B052,B,47.3,1.533,10.558,18.417,0,lean
B053,B,89.3,19.818,33.932,9.690,0,rich
B054,B,109.7,11.078,19.532,14.537,1,flammable
B055,B,81.1,19.577,24.887,11.635,0,rich
B056,B,114.4,16.700,40.119,9.046,0,rich
B057,B,148.1,6.216,38.834,11.512,0,rich
B058,B,135.3,3.785,13.774,17.272,0,lean
B059,B,59.5,0.132,29.619,14.717,0,lean
B060,B,69.2,8.257,29.412,13.058,1,flammable
B061,B,33.2,10.252,8.596,17.001,1,flammable
B062,B,34.7,15.272,12.704,15.089,0,rich
B063,B,117.1,11.540,16.516,15.072,1,flammable
B064,B,97.1,10.840,41.722,9.938,0,rich
B065,B,97.7,9.973,23.118,14.017,0,rich
B066,B,42.9,8.687,21.151,14.699,1,flammable
B067,B,42.8,7.579,3.765,18.573,1,flammable
B068,B,148.7,12.744,25.537,12.930,0,rich
B069,B,132.0,5.960,26.123,14.229,1,flammable
B070,B,97.9,13.855,21.761,13.488,0,rich
B071,B,82.7,7.165,7.775,17.820,1,flammable
B072,B,130.7,17.370,17.284,13.690,0,rich
B073,B,132.8,7.925,22.819,14.509,1,flammable
B074,B,83.8,19.726,26.014,11.368,0,rich
B075,B,82.2,1.604,39.970,12.240,0,lean
B076,B,90.2,18.089,30.534,10.763,0,rich
B077,B,62.7,19.602,46.558,7.089,0,inerted
B078,B,127.6,10.758,11.088,16.373,1,flammable
B079,B,44.0,7.416,38.105,11.413,0,rich
B080,B,38.0,8.361,42.663,10.260,0,inerted
B081,B,108.0,18.181,0.332,17.071,0,rich
B082,B,84.3,16.302,35.204,10.160,0,rich
B083,B,91.3,17.146,49.143,7.063,0,inerted
B084,B,52.2,14.554,17.608,14.212,0,rich
B085,B,131.5,8.476,7.439,17.616,1,flammable
B086,B,48.3,12.692,45.954,8.664,0,inerted
B087,B,123.9,12.820,20.225,14.027,0,rich
B088,B,49.2,1.875,37.583,12.684,0,lean
B089,B,120.4,11.948,48.101,8.370,0,inerted
B090,B,29.0,10.033,1.201,18.596,1,flammable
B091,B,49.6,2.770,41.889,11.594,0,lean
B092,B,102.5,12.331,28.098,12.480,0,rich
B093,B,92.9,8.547,20.164,14.935,1,flammable
B094,B,37.6,19.220,3.541,16.182,0,rich
B095,B,34.0,9.131,18.553,15.150,1,flammable
B096,B,39.1,18.134,42.251,8.299,0,inerted
B097,B,30.7,6.490,19.051,15.599,1,flammable
B098,B,132.2,5.856,33.827,12.636,1,flammable
B099,B,105.3,15.059,27.179,12.101,0,rich
B100,B,114.1,8.616,38.851,11.006,0,rich
B101,B,116.9,17.077,26.844,11.749,0,rich
B102,B,142.7,7.724,2.005,18.912,1,flammable
B103,B,38.1,5.407,1.726,19.456,1,flammable
B104,B,141.5,4.720,42.452,11.068,1,flammable
B105,B,58.6,14.302,20.184,13.725,0,rich
B106,B,117.0,4.744,19.862,15.795,1,flammable
B107,B,109.3,11.029,24.281,13.552,0,rich
B108,B,25.6,4.700,19.292,15.924,0,lean
B109,B,73.5,15.639,5.005,16.625,0,rich
B110,B,28.8,17.051,31.545,10.769,0,rich
B111,B,72.8,0.753,14.938,17.663,0,lean
B112,B,132.9,6.266,18.756,15.708,1,flammable
B113,B,74.3,13.597,11.994,15.589,0,rich
B114,B,41.7,1.083,18.593,16.828,0,lean
B115,B,137.1,12.785,6.022,17.010,1,flammable
B116,B,145.1,5.595,25.404,14.456,1,flammable
B117,B,84.0,13.852,30.161,11.729,0,rich
B118,B,130.0,4.094,33.949,12.980,0,lean
B119,B,120.3,7.060,14.037,16.530,1,flammable
B120,B,60.2,0.936,39.624,12.453,0,lean
B121,B,86.3,2.850,14.222,17.373,0,lean
B122,B,68.5,9.973,11.810,16.387,1,flammable
B123,B,120.7,1.196,11.970,18.192,0,lean
B124,B,37.6,11.982,5.279,17.334,1,flammable
B125,B,85.1,3.583,32.936,13.299,0,lean
B126,B,137.6,14.712,38.950,9.708,0,rich
B127,B,29.6,15.347,4.792,16.731,0,rich
B128,B,37.9,16.625,14.798,14.367,0,rich
B129,B,35.1,7.092,1.655,19.118,1,flammable
B130,B,84.3,6.479,40.907,11.023,0,rich
B131,B,83.3,11.122,28.251,12.701,0,rich
B132,B,73.9,13.353,9.394,16.184,1,flammable
B133,B,96.4,15.343,45.683,8.165,0,inerted
B134,B,68.6,11.024,5.550,17.478,1,flammable
B135,B,134.4,14.142,30.615,11.573,0,rich
B136,B,112.0,1.154,19.115,16.704,0,lean
B137,B,130.4,3.992,5.323,18.998,0,lean
B138,B,52.2,11.074,0.582,18.508,1,flammable
B139,B,96.2,2.325,41.689,11.729,0,lean
B140,B,94.1,11.952,41.645,9.721,0,rich
B141,B,77.3,12.684,33.777,11.216,0,rich
B142,B,107.8,11.856,48.388,8.329,0,inerted
B143,B,42.7,15.984,36.421,9.971,0,rich
B144,B,58.5,19.263,42.081,8.099,0,rich
B145,B,106.4,19.957,46.822,6.960,0,inerted
B146,B,82.8,6.548,3.004,18.949,1,flammable
B147,B,32.1,7.857,5.491,18.154,1,flammable
B148,B,133.2,18.765,35.517,9.578,0,rich
B149,B,44.5,16.704,45.894,7.836,0,inerted
B150,B,140.4,7.109,44.605,10.116,0,rich
B151,B,41.9,12.568,30.512,11.925,0,rich
B152,B,141.4,4.695,9.679,17.939,0,lean
B153,B,32.2,7.293,44.711,10.055,0,inerted
B154,B,118.2,0.589,36.204,13.242,0,lean
B155,B,110.0,9.746,48.698,8.706,0,inerted
B156,B,135.6,11.226,0.712,18.449,1,flammable
B157,B,47.5,8.007,9.360,17.312,1,flammable
B158,B,106.1,5.821,32.427,12.937,1,flammable
B159,B,39.3,3.910,2.201,19.670,0,lean
B160,B,30.9,5.881,1.375,19.430,1,flammable
B161,B,121.2,16.825,1.075,17.200,0,rich
B162,B,26.6,7.239,17.338,15.801,1,flammable
B163,B,36.9,10.267,2.768,18.219,1,flammable
B164,B,65.6,12.718,3.748,17.500,1,flammable
B165,B,64.5,11.160,31.215,12.072,0,rich
B166,B,69.7,3.749,8.870,18.306,0,lean
B167,B,54.1,16.216,40.218,9.127,0,rich
B168,B,64.5,6.215,47.193,9.761,0,inerted
B169,B,42.1,18.037,24.623,12.013,0,rich
B170,B,35.4,15.630,34.087,10.534,0,rich
B171,B,44.4,5.283,38.747,11.726,0,lean
B172,B,107.6,0.550,16.646,17.347,0,lean
B173,B,45.9,7.670,12.781,16.666,1,flammable
B174,B,28.0,13.328,12.203,15.601,0,rich
B175,B,27.3,4.666,18.892,16.015,0,lean
B176,B,33.9,10.101,20.279,14.585,1,flammable
B177,B,93.4,11.344,1.380,18.284,1,flammable
B178,B,114.9,4.714,31.985,13.262,1,flammable
B179,B,96.2,0.300,34.575,13.644,0,lean
B180,B,27.9,11.524,36.492,10.891,0,rich
B181,B,65.6,14.022,48.481,7.856,0,inerted
B182,B,90.5,4.477,27.311,14.290,0,lean
B183,B,65.2,16.544,33.613,10.442,0,rich
B184,B,115.7,4.424,5.267,18.920,0,lean
B185,B,32.1,9.319,26.589,13.427,0,rich
B186,B,142.8,19.303,33.688,9.848,0,rich
B187,B,50.9,1.685,21.967,15.995,0,lean
B188,B,63.1,19.222,15.244,13.729,0,rich
B189,B,57.6,15.985,26.276,12.096,0,rich
B190,B,77.4,3.039,37.933,12.366,0,lean
B191,B,111.8,8.868,41.478,10.403,0,rich
B192,B,63.3,19.851,38.926,8.636,0,rich
B193,B,33.5,2.589,21.700,15.861,0,lean
B194,B,74.6,17.418,24.179,12.235,0,rich
B195,B,118.8,16.310,20.016,13.340,0,rich
B196,B,149.2,7.133,32.336,12.681,1,flammable
B197,B,146.4,0.339,10.516,18.676,0,lean
B198,B,124.8,11.011,24.958,13.414,1,flammable
B199,B,99.8,5.998,37.624,11.811,1,flammable
B200,B,96.8,2.011,46.635,10.759,0,lean
B201,B,144.3,6.663,45.320,10.059,0,rich
B202,B,49.1,14.480,40.105,9.515,0,rich
B203,B,134.9,10.082,25.194,13.560,0,rich
B204,B,87.1,12.963,42.831,9.261,0,rich
B205,B,76.1,2.405,39.524,12.166,0,lean
B206,B,103.6,13.328,34.168,11.000,0,rich
B207,B,102.8,10.969,1.772,18.281,1,flammable
B208,B,64.3,2.482,1.071,20.206,0,lean
B209,B,31.9,12.095,24.214,13.343,0,rich
B210,B,63.5,16.468,34.024,10.372,0,rich
B211,B,75.1,17.481,47.852,7.263,0,inerted
B212,B,78.9,1.778,27.799,14.754,0,lean
B213,B,84.9,11.634,24.210,13.441,0,rich
B214,B,59.4,13.718,20.826,13.713,0,rich
B215,B,87.9,17.728,12.466,14.625,0,rich
B216,B,91.3,9.538,14.377,15.940,1,flammable
B217,B,48.1,5.910,15.673,16.428,1,flammable
B218,B,52.8,16.732,27.752,11.631,0,rich
B219,B,66.9,12.463,44.816,8.950,0,inerted
B220,B,145.6,19.580,40.175,8.431,0,rich
B221,B,121.4,9.193,37.085,11.255,0,rich
B222,B,74.4,3.555,44.915,10.796,0,lean
B223,B,66.9,0.868,24.735,15.586,0,lean
B224,B,93.0,6.621,27.074,13.891,1,flammable
B225,B,55.4,3.089,21.332,15.834,0,lean
B226,B,111.5,8.837,43.513,9.983,0,rich
B227,B,36.8,17.913,15.998,13.846,0,rich
B228,B,54.2,2.969,44.351,11.036,0,lean
B229,B,30.8,9.732,38.001,10.950,0,rich
B230,B,131.8,6.927,44.571,10.161,0,rich
B231,B,92.6,7.569,27.194,13.667,1,flammable
B232,B,44.2,12.836,17.499,14.595,0,rich
B233,B,58.6,13.559,22.468,13.402,0,rich
B234,B,125.1,13.195,24.536,13.045,0,rich
B235,B,51.1,8.544,45.873,9.550,0,inerted
B236,B,133.7,2.130,32.808,13.630,0,lean
B237,B,82.6,6.966,8.839,17.639,1,flammable
B238,B,28.5,5.123,9.338,17.920,1,flammable
B239,B,58.4,11.229,47.200,8.709,0,inerted
B240,B,51.1,10.145,33.500,11.806,0,rich
B241,B,83.9,0.694,46.883,10.983,0,lean
B242,B,65.7,11.891,24.461,13.334,0,rich
B243,B,145.7,6.169,20.394,15.385,1,flammable
B244,B,128.9,16.626,10.654,15.235,0,rich
B245,B,31.6,15.873,5.046,16.567,0,rich
B246,B,136.7,8.459,22.128,14.542,1,flammable
B247,B,59.4,5.042,0.634,19.761,1,flammable
B248,B,75.8,1.968,28.941,14.475,0,lean
B249,B,31.3,7.694,40.877,10.774,0,rich
B250,B,58.2,19.680,42.416,7.941,0,rich
B251,B,103.0,18.368,22.380,12.413,0,rich
B252,B,72.2,0.615,2.447,20.308,0,lean
B253,B,145.4,9.981,26.135,13.384,1,flammable
B254,B,146.4,13.186,30.027,11.897,0,rich
B255,B,90.2,14.813,43.319,8.771,0,rich
B256,B,76.9,1.663,20.351,16.338,0,lean
B257,B,38.8,15.384,10.749,15.475,0,rich
B258,B,75.3,14.741,42.279,9.004,0,rich
B259,B,34.5,19.034,40.319,8.515,0,rich
B260,B,132.3,0.539,48.341,10.710,0,lean
B261,B,33.2,15.119,47.889,7.750,0,inerted
B262,B,132.7,8.637,5.942,17.896,1,flammable
B263,B,135.6,18.872,30.711,10.562,0,rich
B264,B,111.3,12.315,33.066,11.443,0,rich
B265,B,54.5,16.071,48.490,7.424,0,inerted
B266,B,68.8,5.551,20.009,15.595,1,flammable
B267,B,117.3,7.829,16.281,15.899,1,flammable
B268,B,101.2,9.923,22.235,14.213,1,flammable
B269,B,79.6,1.660,13.870,17.696,0,lean
B270,B,36.6,8.885,39.301,10.855,0,rich
B271,B,144.9,2.964,30.581,13.922,0,lean
B272,B,77.2,16.875,14.291,14.421,0,rich
B273,B,76.2,16.337,43.493,8.415,0,rich
B274,B,27.3,11.630,9.314,16.562,1,flammable
B275,B,130.5,17.412,13.913,14.388,0,rich
B276,B,116.6,9.255,46.410,9.288,0,inerted
B277,B,32.3,14.844,21.534,13.329,0,rich
B278,B,136.5,19.607,26.404,11.311,0,rich
B279,B,71.3,7.023,46.848,9.664,0,inerted
B280,B,144.9,3.959,47.902,10.085,0,lean
B281,B,65.4,0.976,27.104,15.067,0,lean
B282,B,132.5,12.070,9.807,16.367,1,flammable
B283,B,88.7,14.759,49.103,7.571,0,inerted
B284,B,71.5,15.155,39.917,9.413,0,rich
B285,B,103.2,16.779,21.673,12.894,0,rich
B286,B,101.2,6.170,24.645,14.494,1,flammable
B287,B,29.1,16.082,22.968,12.769,0,rich
B288,B,45.6,8.077,15.729,15.963,1,flammable
B289,B,138.6,18.036,6.229,15.866,0,rich
B290,B,131.1,2.991,46.313,10.621,0,lean
B291,B,136.4,5.307,23.838,14.844,1,flammable
B292,B,51.5,19.372,20.045,12.692,0,rich
B293,B,65.8,17.997,21.248,12.728,0,rich
B294,B,112.6,19.476,14.091,13.918,0,rich
B295,B,59.6,10.772,1.851,18.305,1,flammable
B296,B,70.0,17.584,28.537,11.288,0,rich
B297,B,83.4,11.466,1.406,18.253,1,flammable
B298,B,128.1,12.272,32.132,11.647,0,rich
B299,B,114.0,4.804,30.995,13.450,1,flammable
B300,B,90.7,18.601,47.929,7.012,0,inerted
B301,B,49.9,0.004,3.398,20.237,0,lean
B302,B,96.0,11.472,29.563,12.353,0,rich
B303,B,85.6,17.868,38.706,9.098,0,rich
B304,B,35.5,15.377,30.755,11.285,0,rich
B305,B,103.1,0.417,4.186,19.986,0,lean
B306,B,134.8,11.746,1.484,18.178,1,flammable
B307,B,102.3,8.561,28.295,13.229,1,flammable
B308,B,136.9,17.173,2.797,16.766,0,rich
B309,B,67.2,0.499,33.324,13.864,0,lean
B310,B,66.4,1.338,12.378,18.077,0,lean
B311,B,28.3,15.993,30.228,11.267,0,rich
B312,B,64.0,11.593,15.316,15.313,1,flammable
B313,B,57.0,18.730,18.610,13.127,0,rich
B314,B,34.1,17.635,0.547,17.141,0,rich
B315,B,143.9,16.522,4.223,16.604,0,rich
B316,B,54.1,19.781,38.692,8.700,0,rich
B317,B,57.6,1.465,10.455,18.453,0,lean
B318,B,131.3,5.254,5.336,18.731,1,flammable
B319,B,88.3,12.834,44.147,9.012,0,rich
B320,B,117.1,14.719,47.077,8.004,0,inerted
B321,B,29.8,16.939,47.466,7.457,0,inerted
B322,B,86.7,19.288,16.487,13.455,0,rich
B323,B,135.7,12.286,46.928,8.545,0,inerted
B324,B,76.8,18.598,48.883,6.813,0,inerted
B325,B,79.4,9.336,40.100,10.593,0,rich
B326,B,84.2,5.163,29.091,13.774,1,flammable
B327,B,132.9,3.984,15.664,16.834,0,lean
B328,B,45.2,4.836,11.117,17.608,0,lean
B329,B,29.7,9.310,38.163,11.004,0,rich
B330,B,82.6,0.688,5.307,19.694,0,lean
B331,B,127.0,16.785,18.716,13.513,0,rich
B332,B,119.2,9.833,38.425,10.840,0,rich
B333,B,134.5,3.839,19.830,15.991,0,lean
B334,B,104.7,16.815,36.159,9.852,0,rich
B335,B,91.1,0.697,15.471,17.563,0,lean
B336,B,113.4,6.268,23.643,14.684,1,flammable
B337,B,94.8,0.732,21.390,16.315,0,lean
B338,B,123.6,6.520,29.297,13.446,1,flammable
B339,B,103.6,11.657,5.147,17.430,1,flammable
B340,B,125.0,9.784,0.522,18.791,1,flammable
B341,B,53.2,11.450,48.622,8.365,0,inerted
B342,B,29.3,11.395,17.675,14.860,1,flammable
B343,B,90.5,18.192,49.242,6.822,0,inerted
B344,B,51.9,18.445,29.603,10.884,0,rich
B345,B,43.4,10.552,7.692,17.128,1,flammable
B346,B,115.8,15.542,13.719,14.820,0,rich
B347,B,114.5,17.686,29.507,11.063,0,rich
B348,B,65.7,15.366,29.257,11.602,0,rich
B349,B,143.6,4.160,48.900,9.834,0,inerted
B350,B,88.8,2.491,41.717,11.689,0,lean
B351,B,92.6,17.547,32.208,10.526,0,rich
B352,B,86.7,17.625,36.534,9.604,0,rich
B353,B,52.8,4.750,21.205,15.512,0,lean
B354,B,110.1,5.952,30.830,13.244,1,flammable
B355,B,71.7,8.012,34.920,11.956,0,rich
B356,B,130.2,18.636,20.499,12.751,0,rich
B357,B,107.9,10.691,41.471,10.022,0,rich
B358,B,133.6,17.589,29.030,11.183,0,rich
B359,B,91.6,19.712,38.149,8.828,0,rich
B360,B,93.0,6.911,25.636,14.131,1,flammable
B361,B,56.6,15.391,37.105,9.952,0,rich
B362,B,78.4,11.366,49.692,8.158,0,inerted
B363,B,129.2,4.653,48.304,9.855,0,inerted
B364,B,128.8,14.256,10.373,15.790,0,rich
B365,B,63.2,19.582,6.450,15.496,0,rich
B366,B,31.8,15.925,44.703,8.248,0,inerted
B367,B,64.0,6.060,45.328,10.184,0,inerted
B368,B,58.5,6.705,41.479,10.856,0,rich
B369,B,42.8,18.920,2.255,16.514,0,rich
B370,B,42.2,8.763,28.695,13.102,0,rich
B371,B,65.1,1.760,11.564,18.159,0,lean
B372,B,66.3,8.310,5.487,18.059,1,flammable
B373,B,93.8,18.379,39.799,8.762,0,rich
B374,B,124.2,1.436,39.180,12.441,0,lean
B375,B,68.6,12.389,32.351,11.577,0,rich
B376,B,146.2,18.496,28.308,11.145,0,rich
B377,B,58.9,10.923,43.964,9.451,0,inerted
B378,B,126.4,19.937,17.150,13.180,0,rich
B379,B,142.5,1.376,30.985,14.170,0,lean
B380,B,47.8,18.632,9.162,15.127,0,rich
B381,B,98.1,2.194,36.673,12.808,0,lean
B382,B,148.3,0.374,33.436,13.867,0,lean
B383,B,60.3,2.567,0.572,20.292,0,lean
B384,B,99.8,11.157,45.813,9.015,0,inerted
B385,B,63.5,15.471,1.203,17.457,1,flammable
B386,B,89.7,4.149,46.457,10.348,0,inerted
B387,B,74.3,7.031,23.607,14.531,1,flammable
B388,B,131.1,1.285,3.356,19.978,0,lean
B389,B,29.8,13.788,11.969,15.554,0,rich
B390,B,106.1,9.018,29.487,12.883,0,rich
B391,B,73.6,9.818,32.256,12.136,0,rich
B392,B,48.4,4.707,35.164,12.597,0,lean
B393,B,144.8,2.142,32.925,13.603,0,lean
B394,B,91.3,4.198,19.899,15.902,0,lean
B395,B,67.8,15.929,16.565,14.143,0,rich
B396,B,67.7,3.086,27.458,14.551,0,lean
B397,B,49.3,19.065,37.018,9.201,0,rich
B398,B,109.9,13.883,32.694,11.192,0,rich
B399,B,35.1,8.060,20.629,14.940,1,flammable
B400,B,47.6,2.993,8.590,18.523,0,lean
B401,B,85.9,7.015,40.042,11.092,0,rich
B402,B,43.9,14.395,39.739,9.609,0,rich
B403,B,90.7,8.112,20.877,14.877,1,flammable
B404,B,145.0,14.991,35.578,10.356,0,rich
B405,B,47.3,6.609,4.253,18.674,1,flammable
B406,B,127.1,11.607,40.101,10.117,0,rich
B407,B,44.7,3.285,21.463,15.765,0,lean
B408,B,112.6,19.905,28.395,10.831,0,rich
B409,B,79.6,10.450,8.235,17.035,1,flammable
B410,B,125.3,4.304,32.359,13.269,0,lean
B411,B,36.5,18.476,7.610,15.485,0,rich
B412,B,83.1,6.014,36.781,11.985,1,flammable
B413,B,144.5,1.193,47.673,10.713,0,lean
B414,B,41.9,17.511,5.364,16.158,0,rich
B415,B,92.3,10.451,30.004,12.475,0,rich
B416,B,30.8,3.730,1.047,19.949,0,lean
B417,B,82.7,13.938,11.545,15.611,0,rich
B418,B,62.2,7.730,35.923,11.805,0,rich
B419,B,130.5,18.029,29.253,11.045,0,rich
B420,B,71.9,16.809,26.641,11.847,0,rich
B421,B,83.9,6.381,49.854,9.169,0,inerted
B422,B,61.2,0.988,27.240,15.036,0,lean
B423,B,35.6,19.128,45.522,7.406,0,inerted
B424,B,106.2,6.646,7.482,17.990,1,flammable
B425,B,41.4,17.334,26.389,11.790,0,rich
B426,B,108.8,18.966,45.375,7.470,0,inerted
B427,B,131.3,5.740,49.003,9.481,0,inerted
B428,B,46.2,0.685,25.753,15.411,0,lean
B429,B,63.9,14.289,17.484,14.294,0,rich
B430,B,78.1,19.431,28.445,10.920,0,rich
B431,B,103.2,12.282,20.703,14.040,0,rich
B432,B,47.7,18.054,21.897,12.580,0,rich
B433,B,89.9,4.492,24.543,14.867,0,lean
B434,B,105.3,4.523,15.414,16.773,0,lean
B435,B,72.6,12.384,25.688,12.974,0,rich
B436,B,44.5,3.129,23.225,15.429,0,lean
B437,B,49.5,10.638,37.882,10.785,0,rich
B438,B,41.4,11.350,15.153,15.398,1,flammable
B439,B,112.5,19.714,35.251,9.435,0,rich
B440,B,49.5,3.945,23.705,15.157,0,lean
B441,B,117.8,17.852,7.388,15.662,0,rich
B442,B,147.0,2.355,31.547,13.848,0,lean
B443,B,80.0,11.601,23.418,13.614,0,rich
B444,B,92.6,2.384,17.411,16.803,0,lean
B445,B,43.4,2.053,39.375,12.271,0,lean
B446,B,137.2,2.525,22.995,15.604,0,lean
B447,B,41.2,6.676,36.983,11.803,0,rich
B448,B,38.7,2.024,46.203,10.846,0,lean
B449,B,105.9,6.052,18.940,15.714,1,flammable
B450,B,46.6,11.489,48.679,8.345,0,inerted
B451,B,104.0,6.394,11.987,17.099,1,flammable
B452,B,34.0,18.732,18.015,13.252,0,rich
B453,B,43.0,17.432,31.364,10.727,0,rich
B454,B,54.2,16.233,46.477,7.812,0,inerted
B455,B,50.0,14.878,32.716,10.979,0,rich
B456,B,41.1,0.657,28.809,14.777,0,lean
B457,B,70.5,7.103,6.814,18.035,1,flammable
B458,B,60.5,3.198,1.141,20.041,0,lean
B459,B,97.4,9.696,5.593,17.747,1,flammable
B460,B,94.7,17.413,3.769,16.513,0,rich
B461,B,147.0,9.082,25.612,13.682,1,flammable
B462,B,91.9,15.182,32.217,11.020,0,rich
B463,B,109.3,7.378,34.298,12.219,1,flammable
B464,B,126.5,16.672,46.462,7.723,0,inerted
B465,B,108.6,10.025,32.778,11.983,0,rich
B466,B,108.0,8.702,45.891,9.513,0,inerted
B467,B,129.2,18.709,48.751,6.817,0,inerted
B468,B,53.6,8.157,45.590,9.690,0,inerted
B469,B,121.8,12.575,10.828,16.047,1,flammable
B470,B,111.5,1.866,12.148,18.014,0,lean
B471,B,143.4,4.502,37.964,12.053,1,flammable
B472,B,34.2,4.283,13.525,17.219,0,lean
B473,B,35.3,13.630,25.599,12.732,0,rich
B474,B,96.8,0.445,22.439,16.156,0,lean
B475,B,136.0,12.844,33.115,11.321,0,rich
B476,B,100.4,11.840,17.309,14.843,0,rich
B477,B,104.3,13.577,32.881,11.217,0,rich
B478,B,96.6,3.414,45.062,10.794,0,lean
B479,B,118.2,11.015,47.607,8.669,0,inerted
B480,B,79.2,14.292,37.643,10.070,0,rich
B481,B,121.1,1.806,1.889,20.176,0,lean
B482,B,99.2,10.536,25.023,13.500,0,rich
B483,B,129.9,1.237,10.944,18.398,0,lean
B484,B,118.3,6.522,24.025,14.551,1,flammable
B485,B,32.1,3.829,29.175,14.036,0,lean
B486,B,37.0,17.252,44.913,7.926,0,inerted
B487,B,77.4,6.534,47.899,9.546,0,inerted
B488,B,77.8,12.496,38.393,10.289,0,rich
B489,B,77.4,10.290,39.177,10.587,0,rich
B490,B,48.5,6.483,22.149,14.952,1,flammable
B491,B,51.0,3.568,41.889,11.427,0,lean
B492,B,86.6,15.080,1.338,17.511,1,flammable
B493,B,125.1,3.671,35.900,12.660,0,lean
B494,B,46.3,4.241,17.897,16.312,0,lean
B495,B,74.7,10.316,42.075,9.974,0,rich
B496,B,57.0,10.706,5.066,17.646,1,flammable
B497,B,64.9,7.516,6.641,17.984,1,flammable
B498,B,91.2,15.979,11.604,15.171,0,rich
B499,B,127.3,15.668,38.579,9.585,0,rich
B500,B,27.5,15.110,27.651,11.992,0,rich
B501,B,106.0,17.339,28.864,11.270,0,rich
B502,B,75.7,2.874,47.467,10.404,0,lean
B503,B,137.5,19.713,35.559,9.371,0,rich
B504,B,67.4,18.304,38.210,9.110,0,rich
B505,B,137.2,10.311,34.248,11.615,0,rich
B506,B,59.9,0.943,11.120,18.423,0,lean
B507,B,32.5,9.057,14.187,16.080,1,flammable
B508,B,41.6,9.787,33.541,11.873,0,rich
B509,B,34.7,0.484,20.742,16.503,0,lean
B510,B,109.9,17.784,48.866,6.987,0,inerted
B511,B,70.2,14.198,10.890,15.694,0,rich
B512,B,123.9,9.479,47.582,8.996,0,inerted
B513,B,116.8,10.856,16.198,15.282,1,flammable
B514,B,56.4,0.161,39.717,12.596,0,lean
B515,B,133.4,6.540,20.373,15.312,1,flammable
B516,B,28.8,10.146,27.387,13.087,0,rich
B517,B,56.0,6.697,44.960,10.128,0,inerted
B518,B,28.1,7.054,31.842,12.801,1,flammable
B519,B,123.0,1.353,4.896,19.641,0,lean
B520,B,31.0,2.999,6.502,18.960,0,lean
B521,B,119.0,16.424,29.217,11.388,0,rich
B522,B,66.7,8.116,5.317,18.136,1,flammable
B523,B,94.5,4.758,3.036,19.317,0,lean
B524,B,54.7,5.023,23.495,14.975,1,flammable
B525,B,39.6,13.466,36.821,10.415,0,rich
B526,B,149.9,18.227,44.213,7.869,0,rich
B527,B,111.0,18.732,48.231,6.921,0,inerted
B528,B,126.7,14.023,40.904,9.443,0,rich
B529,B,27.6,9.002,16.036,15.705,1,flammable
B530,B,61.5,2.380,16.391,17.018,0,lean
B531,B,139.5,11.576,15.909,15.192,1,flammable
B532,B,59.9,9.689,31.298,12.363,0,rich
B533,B,37.0,9.691,49.894,8.467,0,inerted
B534,B,146.1,16.495,26.672,11.906,0,rich
B535,B,38.5,9.590,26.967,13.291,0,rich
B536,B,40.7,10.008,0.404,18.769,1,flammable
B537,B,56.5,0.989,5.126,19.669,0,lean
B538,B,103.7,10.412,35.178,11.399,0,rich
B539,B,46.4,8.831,38.432,11.048,0,rich
B540,B,112.1,7.196,35.582,11.988,1,flammable
B541,B,146.9,13.910,40.998,9.447,0,rich
B542,B,148.1,15.936,3.092,16.964,0,rich
B543,B,86.1,15.605,33.407,10.682,0,rich
B544,B,128.4,3.771,39.076,11.974,0,lean
B545,B,75.9,1.025,27.539,14.966,0,lean
B546,B,50.5,1.919,22.983,15.733,0,lean
B547,B,62.5,11.946,25.600,13.084,0,rich
B548,B,57.1,9.869,44.629,9.533,0,inerted
B549,B,110.4,14.959,10.569,15.602,0,rich
B550,B,51.2,15.881,21.888,13.037,0,rich
B551,B,139.7,3.713,0.457,20.076,0,lean
B552,B,39.8,3.493,45.318,10.724,0,lean
B553,B,76.2,2.415,38.601,12.357,0,lean
B554,B,32.7,19.697,22.107,12.192,0,rich
B555,B,136.8,18.678,27.534,11.269,0,rich
B556,B,90.5,12.978,29.187,12.116,0,rich
B557,B,46.0,1.372,35.584,13.208,0,lean
B558,B,137.9,1.967,27.376,14.803,0,lean
B559,B,134.5,6.500,4.727,18.598,1,flammable
B560,B,110.4,2.884,16.244,16.943,0,lean
B561,B,90.3,13.850,17.817,14.316,0,rich
B562,B,110.1,15.000,16.599,14.330,0,rich
B563,B,90.3,10.566,33.569,11.704,0,rich
B564,B,40.3,15.676,32.822,10.790,0,rich
B565,B,108.5,8.917,11.717,16.627,1,flammable
B566,B,108.9,11.857,13.843,15.566,1,flammable
B567,B,89.3,1.385,3.765,19.871,0,lean
B568,B,50.4,12.677,28.354,12.354,0,rich
B569,B,119.9,17.933,7.865,15.545,0,rich
B570,B,77.5,3.041,38.172,12.316,0,lean
B571,B,147.8,17.220,19.886,13.176,0,rich
B572,B,34.3,14.429,41.579,9.216,0,rich
B573,B,57.3,13.326,49.482,7.792,0,inerted
B574,B,95.5,15.878,3.561,16.878,0,rich
B575,B,37.7,4.954,11.097,17.587,1,flammable
B576,B,90.6,17.035,18.207,13.567,0,rich
B577,B,128.2,7.202,45.762,9.854,0,rich
B578,B,30.0,7.844,5.437,18.168,1,flammable
B579,B,80.0,10.584,3.759,17.945,1,flammable
B580,B,92.3,16.900,17.191,13.808,0,rich
B581,B,118.3,3.031,44.097,11.077,0,lean
B582,B,109.4,16.445,33.970,10.388,0,rich
B583,B,68.3,13.742,11.278,15.708,0,rich
B584,B,31.0,9.519,40.371,10.498,0,rich
B585,B,42.1,7.786,25.036,14.074,1,flammable
B586,B,33.1,18.434,7.997,15.413,0,rich
B587,B,81.6,10.435,3.674,17.994,1,flammable
B588,B,137.0,2.367,7.132,18.960,0,lean
B589,B,142.4,10.806,40.875,10.123,0,rich
B590,B,73.4,19.045,42.011,8.159,0,rich
B591,B,63.3,12.600,34.872,11.005,0,rich
B592,B,79.3,10.424,17.983,14.999,1,flammable
B593,B,146.7,2.953,32.693,13.482,0,lean
B594,B,103.0,17.540,23.397,12.374,0,rich
B595,B,25.1,8.023,31.234,12.726,1,flammable
B596,B,143.9,15.381,10.553,15.517,0,rich
B597,B,142.7,5.655,46.023,10.123,0,rich
B598,B,93.5,5.354,36.575,12.166,1,flammable
B599,B,35.8,0.470,5.073,19.789,0,lean
B600,B,86.0,1.030,49.850,10.291,0,lean
