test_id,temperature_C,fuel_vol_pct,n2_added_vol_pct,o2_vol_pct,ignited,regime
A001,25.0,4.153,7.000,18.613,0,lean
A002,25.0,9.184,25.672,13.648,0,rich
A003,25.0,15.253,16.582,14.281,0,rich
A004,25.0,18.414,21.943,12.495,0,rich
A005,25.0,12.687,28.780,12.263,0,rich
A006,25.0,11.930,2.776,17.869,1,flammable
A007,25.0,13.343,17.730,14.440,0,rich
A008,25.0,6.665,2.996,18.926,1,flammable
A009,25.0,4.725,9.024,18.070,0,lean
A010,25.0,5.853,18.713,15.803,1,flammable
A011,25.0,14.728,3.150,17.205,1,flammable
A012,25.0,9.555,39.254,10.725,0,rich
A013,25.0,19.672,42.772,7.868,0,inerted
A014,25.0,13.813,31.699,11.415,0,rich
A015,25.0,13.003,42.607,9.300,0,inerted
A016,25.0,11.643,2.278,18.034,1,flammable
A017,25.0,10.387,40.092,10.375,0,rich
A018,25.0,15.166,1.728,17.411,1,flammable
A019,25.0,12.328,48.985,8.105,0,inerted
A020,25.0,10.735,4.314,17.797,1,flammable
A021,25.0,13.041,12.459,15.608,1,flammable
A022,25.0,15.064,38.782,9.669,0,rich
A023,25.0,19.628,35.538,9.393,0,rich
A024,25.0,16.281,31.130,11.017,0,rich
A025,25.0,18.208,25.382,11.818,0,rich
A026,25.0,11.849,36.683,10.783,0,rich
A027,25.0,3.552,48.762,9.990,0,inerted
A028,25.0,10.423,45.214,9.294,0,inerted
A029,25.0,7.131,39.509,11.179,0,rich
A030,25.0,14.560,1.173,17.654,1,flammable
A031,25.0,16.330,8.206,15.810,0,rich
A032,25.0,5.546,34.625,12.534,1,flammable
A033,25.0,6.145,42.801,10.696,0,inerted
A034,25.0,9.424,39.609,10.678,0,rich
A035,25.0,5.637,3.000,19.140,1,flammable
A036,25.0,10.026,4.718,17.861,1,flammable
A037,25.0,8.776,28.259,13.191,0,rich
A038,25.0,8.831,34.397,11.894,0,rich
A039,25.0,19.807,40.578,8.299,0,rich
A040,25.0,0.522,47.203,10.952,0,lean
A041,25.0,6.563,13.138,16.822,1,flammable
A042,25.0,1.062,1.404,20.433,0,lean
A043,25.0,1.089,49.616,10.327,0,lean
A044,25.0,13.338,46.385,8.438,0,inerted
A045,25.0,17.263,31.174,10.803,0,rich
A046,25.0,18.278,17.329,13.490,0,rich
A047,25.0,2.743,47.775,10.366,0,inerted
A048,25.0,8.459,0.145,19.147,1,flammable
A049,25.0,9.535,44.804,9.566,0,inerted
A050,25.0,9.054,46.758,9.257,0,inerted
A051,25.0,19.746,26.628,11.235,0,rich
A052,25.0,14.200,8.961,16.098,0,rich
A053,25.0,16.065,47.619,7.608,0,inerted
A054,25.0,8.852,8.510,17.313,1,flammable
A055,25.0,6.835,44.936,10.104,0,inerted
A056,25.0,19.249,41.765,8.168,0,inerted
A057,25.0,9.787,8.338,17.153,1,flammable
A058,25.0,9.308,38.365,10.962,0,rich
A059,25.0,9.837,38.670,10.788,0,rich
A060,25.0,9.633,43.987,9.717,0,inerted
A061,25.0,10.393,27.243,13.065,0,rich
A062,25.0,0.285,21.468,16.393,0,lean
A063,25.0,19.201,12.877,14.230,0,rich
A064,25.0,9.844,21.099,14.467,1,flammable
A065,25.0,17.249,35.711,9.855,0,rich
A066,25.0,9.107,29.902,12.778,0,rich
A067,25.0,16.594,18.405,13.618,0,rich
A068,25.0,14.808,19.075,13.852,0,rich
A069,25.0,11.896,9.478,16.472,1,flammable
A070,25.0,1.676,49.489,10.231,0,inerted
A071,25.0,19.022,43.978,7.752,0,inerted
A072,25.0,8.607,11.471,16.744,1,flammable
A073,25.0,4.964,23.240,15.041,0,lean
A074,25.0,1.484,9.346,18.681,0,lean
A075,25.0,7.376,49.908,8.949,0,inerted
A076,25.0,3.238,35.435,12.848,0,lean
A077,25.0,2.753,32.246,13.618,0,lean
A078,25.0,3.288,28.639,14.261,0,lean
A079,25.0,15.718,30.205,11.329,0,rich
A080,25.0,9.333,42.297,10.134,0,inerted
A081,25.0,19.908,22.594,12.046,0,rich
A082,25.0,10.426,38.648,10.669,0,rich
A083,25.0,18.751,42.898,8.035,0,inerted
A084,25.0,3.618,49.396,9.844,0,inerted
A085,25.0,5.874,0.657,19.582,1,flammable
A086,25.0,16.427,1.733,17.145,0,rich
A087,25.0,18.026,35.509,9.734,0,rich
A088,25.0,5.175,18.599,15.969,1,flammable
A089,25.0,11.790,14.826,15.374,1,flammable
A090,25.0,10.826,6.842,17.249,1,flammable
A091,25.0,17.236,12.836,14.650,0,rich
A092,25.0,15.250,25.239,12.468,0,rich
A093,25.0,12.741,45.677,8.712,0,inerted
A094,25.0,5.380,13.779,16.936,1,flammable
A095,25.0,11.193,45.519,9.069,0,inerted
A096,25.0,9.291,38.797,10.876,0,rich
A097,25.0,14.157,47.769,7.977,0,inerted
A098,25.0,12.297,30.708,11.941,0,rich
A099,25.0,16.142,0.346,17.496,0,rich
A100,25.0,18.541,6.634,15.676,0,rich
A101,25.0,11.285,13.621,15.732,1,flammable
A102,25.0,10.412,38.526,10.698,0,rich
A103,25.0,2.792,41.543,11.662,0,lean
A104,25.0,10.495,2.362,18.256,1,flammable
A105,25.0,9.932,4.403,17.947,1,flammable
A106,25.0,10.833,30.028,12.390,0,rich
A107,25.0,0.428,19.047,16.870,0,lean
A108,25.0,4.854,14.994,16.792,0,lean
A109,25.0,12.739,35.281,10.890,0,rich
A110,25.0,6.817,31.902,12.838,1,flammable
A111,25.0,4.178,47.383,10.148,0,inerted
A112,25.0,0.900,26.596,15.190,0,lean
A113,25.0,3.772,36.396,12.535,0,lean
A114,25.0,5.934,8.722,17.880,1,flammable
A115,25.0,3.904,27.952,14.276,0,lean
A116,25.0,0.066,33.357,13.948,0,lean
A117,25.0,14.899,3.502,17.095,1,flammable
A118,25.0,16.161,2.947,16.947,0,rich
A119,25.0,11.946,24.385,13.339,0,rich
A120,25.0,12.278,6.959,16.920,1,flammable
A121,25.0,14.094,13.459,15.178,0,rich
A122,25.0,15.737,28.819,11.616,0,rich
A123,25.0,1.887,26.397,15.024,0,lean
A124,25.0,16.436,0.243,17.456,0,rich
A125,25.0,18.632,43.318,7.972,0,inerted
A126,25.0,15.089,33.511,10.768,0,rich
A127,25.0,14.533,35.491,10.470,0,rich
A128,25.0,8.576,47.479,9.206,0,inerted
A129,25.0,18.969,42.435,8.086,0,inerted
A130,25.0,10.004,44.154,9.604,0,inerted
A131,25.0,11.656,17.867,14.765,0,rich
A132,25.0,3.952,1.969,19.710,0,lean
A133,25.0,13.670,9.164,16.166,0,rich
A134,25.0,16.257,21.261,13.090,0,rich
A135,25.0,19.816,11.865,14.313,0,rich
A136,25.0,15.842,10.746,15.380,0,rich
A137,25.0,15.819,47.566,7.671,0,inerted
A138,25.0,18.025,23.226,12.308,0,rich
A139,25.0,9.383,48.235,8.879,0,inerted
A140,25.0,16.275,31.708,10.898,0,rich
A141,25.0,2.416,32.054,13.729,0,lean
A142,25.0,17.402,32.879,10.416,0,rich
A143,25.0,11.501,9.678,16.513,1,flammable
A144,25.0,5.807,48.350,9.604,0,inerted
A145,25.0,2.548,18.718,16.495,0,lean
A146,25.0,14.863,13.412,15.026,0,rich
A147,25.0,6.892,18.556,15.619,1,flammable
A148,25.0,10.883,10.142,16.545,1,flammable
A149,25.0,1.536,26.086,15.163,0,lean
A150,25.0,16.890,11.108,15.084,0,rich
A151,25.0,19.495,32.678,10.020,0,rich
A152,25.0,9.909,43.580,9.744,0,inerted
A153,25.0,0.937,6.645,19.362,0,lean
A154,25.0,7.907,34.027,12.165,1,flammable
A155,25.0,15.896,46.548,7.868,0,inerted
A156,25.0,18.202,33.247,10.171,0,rich
A157,25.0,14.121,30.865,11.525,0,rich
A158,25.0,18.538,5.309,15.954,0,rich
A159,25.0,11.248,10.121,16.473,1,flammable
A160,25.0,7.728,5.303,18.220,1,flammable
A161,25.0,4.513,5.730,18.804,0,lean
A162,25.0,19.284,9.260,14.970,0,rich
A163,25.0,12.932,24.699,13.066,0,rich
A164,25.0,2.373,1.174,20.207,0,lean
A165,25.0,10.363,39.619,10.479,0,rich
A166,25.0,4.071,37.967,12.143,0,lean
A167,25.0,14.696,46.688,8.090,0,inerted
A168,25.0,6.454,28.511,13.625,1,flammable
A169,25.0,3.805,40.739,11.618,0,lean
A170,25.0,2.191,14.881,17.373,0,lean
A171,25.0,5.005,11.224,17.550,0,lean
A172,25.0,9.983,6.504,17.496,1,flammable
A173,25.0,0.912,0.557,20.642,0,lean
A174,25.0,2.700,40.142,11.975,0,lean
A175,25.0,0.133,35.719,13.439,0,lean
A176,25.0,11.078,26.154,13.150,0,rich
A177,25.0,10.535,9.795,16.691,1,flammable
A178,25.0,13.230,22.251,13.517,0,rich
A179,25.0,18.409,43.951,7.886,0,inerted
A180,25.0,19.524,39.182,8.651,0,rich
A181,25.0,0.782,33.795,13.706,0,lean
A182,25.0,4.574,2.705,19.425,0,lean
A183,25.0,0.238,23.011,16.079,0,lean
A184,25.0,0.105,20.712,16.589,0,lean
A185,25.0,8.325,7.102,17.718,1,flammable
A186,25.0,6.281,12.744,16.964,1,flammable
A187,25.0,5.363,2.359,19.332,1,flammable
A188,25.0,12.348,13.076,15.624,1,flammable
A189,25.0,11.107,3.123,17.969,1,flammable
A190,25.0,9.227,19.668,14.896,1,flammable
A191,25.0,19.565,0.615,16.722,0,rich
A192,25.0,8.079,25.870,13.838,1,flammable
A193,25.0,14.364,2.626,17.391,1,flammable
A194,25.0,14.795,1.799,17.474,1,flammable
A195,25.0,18.089,11.231,14.807,0,rich
A196,25.0,5.623,36.396,12.147,1,flammable
A197,25.0,1.936,22.648,15.800,0,lean
A198,25.0,5.816,36.331,12.120,1,flammable
A199,25.0,19.853,18.828,12.846,0,rich
A200,25.0,2.907,49.467,9.978,0,inerted
A201,25.0,15.035,16.167,14.413,0,rich
A202,25.0,18.091,42.988,8.154,0,inerted
A203,25.0,13.558,38.622,10.018,0,rich
A204,25.0,18.473,42.393,8.199,0,inerted
A205,25.0,14.238,43.548,8.844,0,inerted
A206,25.0,8.369,30.113,12.888,1,flammable
A207,25.0,0.085,7.791,19.300,0,lean
A208,25.0,12.184,40.656,9.880,0,rich
A209,25.0,8.842,34.299,11.912,0,rich
A210,25.0,1.279,0.326,20.614,0,lean
A211,25.0,6.187,16.138,16.273,1,flammable
A212,25.0,8.181,34.732,11.960,0,rich
A213,25.0,14.009,13.124,15.266,0,rich
A214,25.0,14.137,32.950,11.085,0,rich
A215,25.0,8.966,33.997,11.949,0,rich
A216,25.0,13.646,11.560,15.669,0,rich
A217,25.0,18.373,44.840,7.707,0,inerted
A218,25.0,8.962,34.158,11.916,0,rich
A219,25.0,10.334,43.441,9.684,0,inerted
A220,25.0,11.105,35.593,11.167,0,rich
A221,25.0,2.512,3.432,19.705,0,lean
A222,25.0,16.806,20.871,13.057,0,rich
A223,25.0,11.046,15.938,15.297,1,flammable
A224,25.0,9.533,37.442,11.109,0,rich
A225,25.0,13.371,35.425,10.727,0,rich
A226,25.0,12.817,21.450,13.771,0,rich
A227,25.0,12.332,9.673,16.340,1,flammable
A228,25.0,12.872,18.392,14.400,0,rich
A229,25.0,8.860,3.337,18.395,1,flammable
A230,25.0,5.185,48.340,9.737,0,inerted
A231,25.0,18.843,9.550,15.002,0,rich
A232,25.0,7.020,45.478,9.952,0,inerted
A233,25.0,5.089,30.678,13.457,0,lean
A234,25.0,6.791,19.231,15.499,1,flammable
A235,25.0,0.736,42.052,11.986,0,lean
A236,25.0,16.649,23.179,12.606,0,rich
A237,25.0,19.990,44.124,7.518,0,inerted
A238,25.0,17.733,33.803,10.153,0,rich
A239,25.0,4.967,19.919,15.736,1,flammable
A240,25.0,14.985,20.164,13.586,0,rich
A241,25.0,14.167,14.641,14.915,0,rich
A242,25.0,5.708,29.062,13.666,1,flammable
A243,25.0,2.214,15.149,17.313,0,lean
A244,25.0,19.523,25.020,11.618,0,rich
A245,25.0,12.504,23.099,13.491,0,rich
A246,25.0,16.451,16.650,14.015,0,rich
A247,25.0,12.807,5.212,17.175,1,flammable
A248,25.0,13.042,17.264,14.601,0,rich
A249,25.0,1.829,14.677,17.492,0,lean
A250,25.0,3.835,23.010,15.326,0,lean
A251,25.0,9.067,15.125,15.882,1,flammable
A252,25.0,15.611,3.393,16.969,1,flammable
A253,25.0,7.350,12.040,16.888,1,flammable
A254,25.0,18.247,24.302,12.036,0,rich
A255,25.0,15.537,29.735,11.466,0,rich
A256,25.0,3.714,28.948,14.107,0,lean
A257,25.0,7.817,22.478,14.603,1,flammable
A258,25.0,12.074,29.101,12.324,0,rich
A259,25.0,7.710,14.435,16.311,1,flammable
A260,25.0,10.931,0.820,18.488,1,flammable
A261,25.0,4.547,44.566,10.661,0,inerted
A262,25.0,5.745,26.464,14.202,1,flammable
A263,25.0,12.767,39.393,10.022,0,rich
A264,25.0,18.596,46.634,7.284,0,inerted
A265,25.0,16.671,2.423,16.950,0,rich
A266,25.0,8.104,13.462,16.432,1,flammable
A267,25.0,6.795,46.445,9.796,0,inerted
A268,25.0,5.202,47.241,9.963,0,inerted
A269,25.0,4.039,29.054,14.017,0,lean
A270,25.0,13.742,37.441,10.227,0,rich
A271,25.0,1.984,34.090,13.393,0,lean
A272,25.0,0.635,14.588,17.761,0,lean
A273,25.0,4.498,39.601,11.711,0,lean
A274,25.0,7.285,21.335,14.954,1,flammable
A275,25.0,11.949,19.606,14.339,0,rich
A276,25.0,2.126,43.869,11.314,0,lean
A277,25.0,8.518,36.204,11.581,0,rich
A278,25.0,5.764,47.880,9.712,0,inerted
A279,25.0,4.252,42.259,11.206,0,lean
A280,25.0,5.730,19.181,15.731,1,flammable
A281,25.0,13.666,2.777,17.505,1,flammable
A282,25.0,19.314,42.999,7.896,0,inerted
A283,25.0,7.304,25.082,14.165,1,flammable
A284,25.0,12.449,27.661,12.547,0,rich
A285,25.0,8.020,29.115,13.170,1,flammable
A286,25.0,16.199,13.939,14.636,0,rich
A287,25.0,4.248,4.368,19.145,0,lean
A288,25.0,17.067,3.110,16.723,0,rich
A289,25.0,8.947,15.556,15.817,1,flammable
A290,25.0,10.644,21.448,14.227,1,flammable
A291,25.0,12.400,37.674,10.459,0,rich
A292,25.0,3.131,45.121,10.841,0,lean
A293,25.0,3.973,1.285,19.848,0,lean
A294,25.0,10.339,25.347,13.474,0,rich
A295,25.0,1.414,42.007,11.853,0,lean
A296,25.0,17.237,28.241,11.422,0,rich
A297,25.0,12.447,21.840,13.767,0,rich
A298,25.0,12.641,2.999,17.673,1,flammable
A299,25.0,2.132,33.997,13.381,0,lean
A300,25.0,7.831,10.221,17.168,1,flammable
A301,25.0,11.005,32.088,11.922,0,rich
A302,25.0,3.724,34.775,12.884,0,lean
A303,25.0,5.856,6.907,18.276,1,flammable
A304,25.0,11.212,28.879,12.551,0,rich
A305,25.0,4.934,26.303,14.406,0,lean
A306,25.0,17.957,27.497,11.427,0,rich
A307,25.0,10.206,5.472,17.665,1,flammable
A308,25.0,13.522,3.077,17.472,1,flammable
A309,25.0,15.224,27.780,11.941,0,rich
A310,25.0,10.737,27.456,12.948,0,rich
A311,25.0,18.170,15.038,13.993,0,rich
A312,25.0,9.224,28.427,13.062,0,rich
A313,25.0,17.780,41.930,8.441,0,inerted
A314,25.0,13.334,6.403,16.815,1,flammable
A315,25.0,7.013,46.109,9.821,0,inerted
A316,25.0,7.832,28.033,13.436,1,flammable
A317,25.0,4.898,11.313,17.554,0,lean
A318,25.0,12.306,40.422,9.903,0,rich
A319,25.0,8.110,28.494,13.282,1,flammable
A320,25.0,16.537,7.802,15.851,0,rich
A321,25.0,6.442,42.293,10.740,0,inerted
A322,25.0,18.509,39.679,8.760,0,rich
A323,25.0,2.399,6.392,19.108,0,lean
A324,25.0,12.497,41.864,9.561,0,inerted
A325,25.0,11.694,36.089,10.940,0,rich
A326,25.0,16.683,13.372,14.654,0,rich
A327,25.0,17.146,31.288,10.803,0,rich
A328,25.0,4.899,36.848,12.204,0,lean
A329,25.0,15.465,40.361,9.254,0,rich
A330,25.0,0.856,45.879,11.159,0,lean
A331,25.0,5.601,37.430,11.935,1,flammable
A332,25.0,10.402,21.230,14.323,1,flammable
A333,25.0,10.483,7.908,17.097,1,flammable
A334,25.0,0.103,41.083,12.321,0,lean
A335,25.0,9.912,38.806,10.744,0,rich
A336,25.0,15.391,34.442,10.510,0,rich
A337,25.0,4.887,36.499,12.280,1,flammable
A338,25.0,1.206,28.581,14.709,0,lean
A339,25.0,11.130,43.802,9.442,0,inerted
A340,25.0,9.201,41.109,10.410,0,rich
A341,25.0,6.669,1.041,19.335,1,flammable
A342,25.0,5.227,30.412,13.484,1,flammable
A343,25.0,4.459,35.295,12.622,0,lean
A344,25.0,1.323,34.174,13.513,0,lean
A345,25.0,15.269,24.380,12.643,0,rich
A346,25.0,2.640,16.665,16.905,0,lean
A347,25.0,13.263,3.600,17.417,1,flammable
A348,25.0,6.006,44.525,10.364,0,inerted
A349,25.0,3.221,29.132,14.172,0,lean
A350,25.0,11.998,4.965,17.396,1,flammable
A351,25.0,13.462,33.113,11.193,0,rich
A352,25.0,14.006,15.418,14.786,0,rich
A353,25.0,8.610,22.309,14.472,1,flammable
A354,25.0,3.027,34.414,13.106,0,lean
A355,25.0,1.256,1.578,20.356,0,lean
A356,25.0,14.121,10.947,15.698,0,rich
A357,25.0,8.176,2.031,18.812,1,flammable
A358,25.0,10.918,2.366,18.167,1,flammable
A359,25.0,15.129,2.700,17.215,1,flammable
A360,25.0,18.361,2.376,16.606,0,rich
A361,25.0,13.533,35.889,10.596,0,rich
A362,25.0,17.385,27.194,11.611,0,rich
A363,25.0,0.603,47.997,10.768,0,lean
A364,25.0,6.253,32.406,12.851,1,flammable
A365,25.0,3.990,9.846,18.051,0,lean
A366,25.0,7.836,38.881,11.163,0,rich
A367,25.0,3.553,26.109,14.736,0,lean
A368,25.0,0.828,45.141,11.320,0,lean
A369,25.0,6.724,34.935,12.222,0,rich
A370,25.0,11.992,29.143,12.332,0,rich
A371,25.0,3.933,16.334,16.704,0,lean
A372,25.0,1.712,31.041,14.088,0,lean
A373,25.0,15.924,16.934,14.066,0,rich
A374,25.0,0.781,9.950,18.702,0,lean
A375,25.0,3.983,31.578,13.500,0,lean
A376,25.0,6.914,42.905,10.513,0,inerted
A377,25.0,12.243,40.483,9.904,0,rich
A378,25.0,9.441,33.919,11.866,0,rich
A379,25.0,12.185,0.011,18.395,1,flammable
A380,25.0,15.685,39.418,9.406,0,rich
A381,25.0,4.690,6.179,18.673,0,lean
A382,25.0,11.353,6.175,17.278,1,flammable
A383,25.0,12.725,23.316,13.399,0,rich
A384,25.0,2.218,29.657,14.272,0,lean
A385,25.0,13.363,13.264,15.372,0,rich
A386,25.0,6.064,38.455,11.623,1,flammable
A387,25.0,1.637,19.367,16.550,0,lean
A388,25.0,7.781,0.267,19.264,1,flammable
A389,25.0,2.955,2.075,19.896,0,lean
A390,25.0,1.595,34.270,13.436,0,lean
A391,25.0,11.342,21.782,14.011,0,rich
A392,25.0,17.272,25.886,11.908,0,rich
A393,25.0,2.733,2.552,19.843,0,lean
A394,25.0,16.422,20.821,13.148,0,rich
A395,25.0,2.877,22.948,15.540,0,lean
A396,25.0,14.922,43.250,8.763,0,inerted
A397,25.0,2.053,17.463,16.861,0,lean
A398,25.0,1.618,18.843,16.663,0,lean
A399,25.0,7.358,33.718,12.344,1,flammable
A400,25.0,15.332,44.812,8.350,0,inerted
A401,25.0,13.482,5.389,16.997,1,flammable
A402,25.0,19.335,27.231,11.194,0,rich
A403,25.0,7.869,45.526,9.764,0,inerted
A404,25.0,12.789,18.048,14.490,0,rich
A405,25.0,12.434,29.292,12.209,0,rich
A406,25.0,18.646,24.628,11.884,0,rich
A407,25.0,4.711,21.068,15.549,0,lean
A408,25.0,3.623,6.574,18.814,0,lean
A409,25.0,10.016,26.758,13.246,0,rich
A410,25.0,13.749,29.144,11.964,0,rich
A411,25.0,7.328,38.874,11.271,0,rich
A412,25.0,17.117,6.266,16.051,0,rich
A413,25.0,19.180,35.778,9.436,0,rich
A414,25.0,9.870,25.374,13.567,0,rich
A415,25.0,0.777,4.501,19.844,0,lean
A416,25.0,18.567,33.468,10.049,0,rich
A417,25.0,17.423,40.381,8.840,0,rich
A418,25.0,11.331,21.003,14.176,0,rich
A419,25.0,5.851,40.989,11.137,0,rich
A420,25.0,15.346,8.234,16.010,0,rich
A421,25.0,12.488,46.923,8.503,0,inerted
A422,25.0,3.431,10.290,18.075,0,lean
A423,25.0,14.331,2.689,17.384,1,flammable
A424,25.0,16.932,3.586,16.652,0,rich
A425,25.0,16.936,40.103,9.000,0,rich
A426,25.0,7.332,35.333,12.012,0,rich
A427,25.0,19.240,34.643,9.661,0,rich
A428,25.0,3.588,11.006,17.893,0,lean
A429,25.0,18.050,20.971,12.775,0,rich
A430,25.0,17.552,35.037,9.932,0,rich
A431,25.0,16.763,12.094,14.904,0,rich
A432,25.0,13.846,21.987,13.443,0,rich
A433,25.0,0.613,26.467,15.277,0,lean
A434,25.0,10.413,32.921,11.871,0,rich
A435,25.0,11.854,2.900,17.859,1,flammable
A436,25.0,17.297,33.087,10.394,0,rich
A437,25.0,9.309,0.354,18.926,1,flammable
A438,25.0,8.755,32.345,12.340,0,rich
A439,25.0,10.326,7.423,17.232,1,flammable
A440,25.0,10.383,28.274,12.851,0,rich
A441,25.0,10.996,40.479,10.166,0,rich
A442,25.0,1.728,43.316,11.513,0,lean
A443,25.0,16.289,30.436,11.161,0,rich
A444,25.0,16.096,5.400,16.447,0,rich
A445,25.0,17.546,29.445,11.105,0,rich
A446,25.0,15.644,8.318,15.930,0,rich
A447,25.0,9.505,48.193,8.862,0,inerted
A448,25.0,19.528,22.234,12.201,0,rich
A449,25.0,6.708,32.069,12.826,1,flammable
A450,25.0,1.222,40.678,12.172,0,lean
A451,25.0,19.304,34.118,9.758,0,rich
A452,25.0,6.234,38.014,11.680,0,rich
A453,25.0,5.233,28.163,13.954,1,flammable
A454,25.0,6.128,31.380,13.092,1,flammable
A455,25.0,1.491,27.400,14.897,0,lean
A456,25.0,9.076,11.082,16.727,1,flammable
A457,25.0,14.043,13.873,15.101,0,rich
A458,25.0,9.244,4.215,18.130,1,flammable
A459,25.0,18.852,8.504,15.219,0,rich
A460,25.0,15.669,17.811,13.936,0,rich
A461,25.0,7.573,29.408,13.203,1,flammable
A462,25.0,3.949,4.302,19.222,0,lean
A463,25.0,17.888,18.791,13.266,0,rich
A464,25.0,6.732,43.151,10.500,0,inerted
A465,25.0,10.177,17.823,15.084,1,flammable
A466,25.0,10.914,24.684,13.492,0,rich
A467,25.0,17.167,17.418,13.705,0,rich
A468,25.0,3.034,40.671,11.794,0,lean
A469,25.0,16.359,27.948,11.668,0,rich
A470,25.0,15.092,3.545,17.046,0,rich
A471,25.0,7.004,8.550,17.691,1,flammable
A472,25.0,1.641,3.815,19.807,0,lean
A473,25.0,7.965,44.914,9.872,0,inerted
A474,25.0,0.919,33.380,13.764,0,lean
A475,25.0,5.855,23.964,14.703,1,flammable
A476,25.0,8.108,27.450,13.501,1,flammable
A477,25.0,19.958,33.235,9.806,0,rich
A478,25.0,10.321,2.507,18.262,1,flammable
A479,25.0,14.304,39.754,9.625,0,rich
A480,25.0,16.619,21.304,13.005,0,rich
A481,25.0,18.901,18.593,13.095,0,rich
A482,25.0,14.914,10.006,15.729,0,rich
A483,25.0,4.124,42.431,11.197,0,lean
A484,25.0,17.911,13.898,14.286,0,rich
A485,25.0,4.991,0.169,19.869,1,flammable
A486,25.0,11.746,30.218,12.159,0,rich
A487,25.0,4.745,40.641,11.442,0,lean
A488,25.0,16.578,35.222,10.098,0,rich
A489,25.0,6.842,39.840,11.170,0,rich
A490,25.0,11.427,17.773,14.833,1,flammable
A491,25.0,0.708,2.653,20.246,0,lean
A492,25.0,3.125,8.352,18.546,0,lean
A493,25.0,3.321,21.508,15.748,0,lean
A494,25.0,11.498,20.795,14.184,0,rich
A495,25.0,16.011,17.488,13.932,0,rich
A496,25.0,14.384,44.477,8.619,0,inerted
A497,25.0,10.713,33.566,11.674,0,rich
A498,25.0,9.172,13.113,16.281,1,flammable
A499,25.0,1.853,11.399,18.174,0,lean
A500,25.0,13.131,26.791,12.586,0,rich
A501,25.0,6.268,39.665,11.327,0,rich
A502,25.0,2.404,13.209,17.679,0,lean
A503,25.0,4.802,22.422,15.246,0,lean
A504,25.0,16.069,22.925,12.781,0,rich
A505,25.0,2.032,31.840,13.854,0,lean
A506,25.0,0.723,9.578,18.792,0,lean
A507,25.0,5.527,15.428,16.560,1,flammable
A508,25.0,10.947,40.942,10.079,0,rich
A509,25.0,10.378,39.019,10.601,0,rich
A510,25.0,2.557,24.082,15.369,0,lean
A511,25.0,9.680,45.760,9.335,0,inerted
A512,25.0,9.529,11.536,16.537,1,flammable
A513,25.0,15.666,20.946,13.280,0,rich
A514,25.0,12.983,9.441,16.252,1,flammable
A515,25.0,11.520,43.747,9.372,0,inerted
A516,25.0,7.327,9.374,17.451,1,flammable
A517,25.0,16.843,27.356,11.690,0,rich
A518,25.0,4.765,34.482,12.728,0,lean
A519,25.0,18.836,18.228,13.185,0,rich
A520,25.0,17.636,19.594,13.150,0,rich
A521,25.0,13.896,37.396,10.204,0,rich
A522,25.0,10.704,25.362,13.394,0,rich
A523,25.0,11.052,39.730,10.311,0,rich
A524,25.0,0.384,14.035,17.929,0,lean
A525,25.0,19.144,5.671,15.751,0,rich
A526,25.0,5.221,17.747,16.138,1,flammable
A527,25.0,18.226,30.604,10.720,0,rich
A528,25.0,14.634,7.961,16.216,0,rich
A529,25.0,0.991,38.793,12.615,0,lean
A530,25.0,11.976,38.503,10.375,0,rich
A531,25.0,13.079,33.918,11.104,0,rich
A532,25.0,4.857,19.367,15.875,0,lean
A533,25.0,19.993,40.855,8.202,0,rich
A534,25.0,16.322,8.689,15.710,0,rich
A535,25.0,8.761,38.327,11.085,0,rich
A536,25.0,10.663,45.169,9.253,0,inerted
A537,25.0,2.006,24.139,15.473,0,lean
A538,25.0,10.007,18.821,14.910,1,flammable
A539,25.0,7.013,35.975,11.944,1,flammable
A540,25.0,7.228,17.800,15.707,1,flammable
A541,25.0,15.591,34.357,10.486,0,rich
A542,25.0,11.083,17.473,14.968,1,flammable
A543,25.0,0.905,6.261,19.449,0,lean
A544,25.0,7.986,9.994,17.183,1,flammable
A545,25.0,19.140,8.701,15.117,0,rich
A546,25.0,6.587,26.571,14.003,1,flammable
A547,25.0,16.831,44.699,8.060,0,inerted
A548,25.0,14.912,48.721,7.619,0,inerted
A549,25.0,13.850,43.265,8.984,0,inerted
A550,25.0,13.241,7.918,16.517,1,flammable
A551,25.0,15.719,2.616,17.109,1,flammable
A552,25.0,14.275,22.733,13.197,0,rich
A553,25.0,4.628,21.370,15.503,1,flammable
A554,25.0,9.595,8.672,17.123,1,flammable
A555,25.0,0.462,19.223,16.826,0,lean
A556,25.0,2.051,4.016,19.679,0,lean
A557,25.0,0.716,9.083,18.897,0,lean
A558,25.0,16.032,33.850,10.500,0,rich
A559,25.0,18.462,36.464,9.443,0,rich
A560,25.0,1.929,39.958,12.175,0,lean
A561,25.0,7.670,38.043,11.373,0,rich
A562,25.0,3.657,2.644,19.630,0,lean
A563,25.0,18.502,25.155,11.804,0,rich
A564,25.0,8.985,8.696,17.246,1,flammable
A565,25.0,12.657,8.351,16.549,1,flammable
A566,25.0,10.099,11.509,16.423,1,flammable
A567,25.0,19.272,23.495,11.990,0,rich
A568,25.0,0.181,9.128,19.000,0,lean
A569,25.0,16.246,17.552,13.869,0,rich
A570,25.0,10.194,12.703,16.153,1,flammable
A571,25.0,18.080,32.903,10.269,0,rich
A572,25.0,6.244,26.941,13.998,1,flammable
A573,25.0,16.182,7.277,16.035,0,rich
A574,25.0,7.171,7.096,17.961,1,flammable
A575,25.0,16.895,4.428,16.483,0,rich
A576,25.0,18.203,28.833,11.096,0,rich
A577,25.0,8.060,25.340,13.953,1,flammable
A578,25.0,17.330,3.653,16.554,0,rich
A579,25.0,6.566,49.005,9.308,0,inerted
A580,25.0,7.156,11.610,17.019,1,flammable
A581,25.0,0.852,39.035,12.593,0,lean
A582,25.0,8.985,19.431,14.997,1,flammable
A583,25.0,13.236,7.768,16.550,1,flammable
A584,25.0,12.183,34.439,11.183,0,rich
A585,25.0,13.546,17.584,14.428,0,rich
A586,25.0,3.017,3.411,19.603,0,lean
A587,25.0,17.137,18.782,13.425,0,rich
A588,25.0,0.147,44.246,11.650,0,lean
A589,25.0,5.116,40.722,11.347,1,flammable
A590,25.0,7.680,0.243,19.290,1,flammable
A591,25.0,8.207,17.267,15.613,1,flammable
A592,25.0,6.251,21.928,15.047,1,flammable
A593,25.0,7.417,49.733,8.977,0,inerted
A594,25.0,6.740,46.329,9.832,0,inerted
A595,25.0,3.842,31.252,13.598,0,lean
A596,25.0,14.000,23.399,13.115,0,rich
A597,25.0,4.337,43.163,10.999,0,lean
A598,25.0,11.069,26.436,13.093,0,rich
A599,25.0,9.041,1.985,18.640,1,flammable
A600,25.0,4.439,42.520,11.112,0,lean
A601,25.0,7.566,13.703,16.494,1,flammable
A602,25.0,9.807,17.665,15.195,1,flammable
A603,25.0,17.347,26.768,11.708,0,rich
A604,25.0,7.646,17.089,15.768,1,flammable
A605,25.0,19.921,10.479,14.581,0,rich
A606,25.0,17.878,31.030,10.704,0,rich
A607,25.0,15.043,3.189,17.130,1,flammable
A608,25.0,4.446,0.642,19.884,0,lean
A609,25.0,14.551,30.825,11.444,0,rich
A610,25.0,7.578,30.539,12.965,1,flammable
A611,25.0,1.009,38.842,12.601,0,lean
A612,25.0,14.729,21.629,13.333,0,rich
A613,25.0,4.855,38.819,11.800,0,lean
A614,25.0,9.835,2.046,18.461,1,flammable
A615,25.0,8.756,40.829,10.562,0,rich
A616,25.0,18.966,44.489,7.656,0,inerted
A617,25.0,6.101,14.374,16.660,1,flammable
A618,25.0,16.103,13.686,14.709,0,rich
A619,25.0,1.008,39.451,12.474,0,lean
A620,25.0,8.230,17.220,15.618,1,flammable
A621,25.0,8.584,22.850,14.365,1,flammable
A622,25.0,5.454,34.646,12.549,1,flammable
A623,25.0,4.101,13.713,17.218,0,lean
A624,25.0,5.843,39.097,11.535,1,flammable
A625,25.0,0.595,21.544,16.312,0,lean
A626,25.0,2.293,43.905,11.272,0,lean
A627,25.0,10.392,18.681,14.859,1,flammable
A628,25.0,8.809,31.784,12.446,0,rich
A629,25.0,11.622,19.990,14.327,0,rich
A630,25.0,6.351,10.372,17.447,1,flammable
A631,25.0,1.189,26.069,15.239,0,lean
A632,25.0,14.894,1.269,17.564,1,flammable
A633,25.0,3.265,27.674,14.468,0,lean
A634,25.0,18.317,46.197,7.434,0,inerted
A635,25.0,8.827,37.710,11.200,0,rich
A636,25.0,10.526,1.952,18.336,1,flammable
A637,25.0,10.505,49.919,8.291,0,inerted
A638,25.0,13.559,49.251,7.791,0,inerted
A639,25.0,8.838,9.604,17.086,1,flammable
A640,25.0,3.650,17.825,16.451,0,lean
A641,25.0,16.401,36.529,9.861,0,rich
A642,25.0,6.866,24.309,14.419,1,flammable
A643,25.0,2.343,40.464,11.982,0,lean
A644,25.0,5.141,31.791,13.213,0,lean
A645,25.0,9.521,47.997,8.900,0,inerted
A646,25.0,11.807,17.281,14.856,0,rich
A647,25.0,2.286,16.002,17.119,0,lean
A648,25.0,1.578,30.215,14.289,0,lean
A649,25.0,15.140,24.355,12.676,0,rich
A650,25.0,13.538,15.304,14.908,0,rich
A651,25.0,11.412,39.497,10.285,0,rich
A652,25.0,0.351,6.765,19.459,0,lean
A653,25.0,10.089,32.836,11.957,0,rich
A654,25.0,0.864,11.716,18.315,0,lean
A655,25.0,13.764,29.464,11.894,0,rich
A656,25.0,13.302,1.187,17.915,1,flammable
A657,25.0,6.112,10.135,17.546,1,flammable
A658,25.0,5.995,6.946,18.239,1,flammable
A659,25.0,5.604,20.255,15.533,1,flammable
A660,25.0,0.505,41.656,12.117,0,lean
A661,25.0,11.418,31.464,11.966,0,rich
A662,25.0,13.062,20.518,13.915,0,rich
A663,25.0,7.628,5.879,18.120,1,flammable
A664,25.0,0.480,38.987,12.682,0,lean
A665,25.0,3.479,28.223,14.308,0,lean
A666,25.0,1.912,41.918,11.767,0,lean
A667,25.0,19.270,40.685,8.389,0,rich
A668,25.0,18.463,28.539,11.103,0,rich
A669,25.0,3.212,17.609,16.588,0,lean
A670,25.0,16.883,12.910,14.708,0,rich
A671,25.0,13.632,48.526,7.928,0,inerted
A672,25.0,18.079,4.657,16.187,0,rich
A673,25.0,19.880,11.673,14.340,0,rich
A674,25.0,7.529,23.346,14.482,1,flammable
A675,25.0,3.116,35.260,12.910,0,lean
A676,25.0,18.381,32.008,10.394,0,rich
A677,25.0,2.261,3.258,19.794,0,lean
A678,25.0,6.874,23.292,14.630,1,flammable
A679,25.0,3.133,21.107,15.872,0,lean
A680,25.0,17.726,39.519,8.957,0,rich
A681,25.0,14.430,7.693,16.315,0,rich
A682,25.0,15.029,8.758,15.966,0,rich
A683,25.0,14.407,46.136,8.266,0,inerted
A684,25.0,5.794,35.317,12.337,1,flammable
A685,25.0,19.792,37.670,8.912,0,rich
A686,25.0,8.180,39.400,10.982,0,rich
A687,25.0,11.738,43.127,9.456,0,inerted
A688,25.0,19.077,36.756,9.253,0,rich
A689,25.0,10.599,6.935,17.277,1,flammable
A690,25.0,17.994,1.598,16.845,0,rich
A691,25.0,7.463,32.028,12.676,1,flammable
A692,25.0,18.894,28.504,11.020,0,rich
A693,25.0,7.759,21.001,14.925,1,flammable
A694,25.0,2.497,12.066,17.899,0,lean
A695,25.0,10.661,11.697,16.266,1,flammable
A696,25.0,10.618,39.611,10.427,0,rich
A697,25.0,13.822,21.992,13.447,0,rich
A698,25.0,15.637,25.470,12.338,0,rich
A699,25.0,4.494,30.591,13.600,0,lean
A700,25.0,19.734,27.417,11.072,0,rich
A701,25.0,13.667,25.873,12.666,0,rich
A702,25.0,12.187,6.057,17.128,1,flammable
A703,25.0,13.155,45.014,8.763,0,inerted
A704,25.0,19.312,38.569,8.824,0,rich
A705,25.0,3.811,36.692,12.464,0,lean
A706,25.0,1.175,25.358,15.391,0,lean
A707,25.0,6.668,27.341,13.825,1,flammable
A708,25.0,0.545,17.250,17.222,0,lean
A709,25.0,2.639,13.836,17.499,0,lean
A710,25.0,3.913,17.877,16.385,0,lean
A711,25.0,14.707,34.136,10.717,0,rich
A712,25.0,3.660,13.326,17.391,0,lean
A713,25.0,14.090,41.466,9.311,0,rich
A714,25.0,16.405,18.434,13.651,0,rich
A715,25.0,19.487,7.085,15.383,0,rich
A716,25.0,13.968,8.376,16.269,0,rich
A717,25.0,5.127,24.063,14.835,0,lean
A718,25.0,17.005,8.748,15.555,0,rich
A719,25.0,1.619,1.058,20.389,0,lean
A720,25.0,0.692,46.560,11.051,0,lean
A721,25.0,12.243,19.337,14.334,0,rich
A722,25.0,10.128,13.142,16.075,1,flammable
A723,25.0,7.486,14.350,16.375,1,flammable
A724,25.0,3.012,20.211,16.085,0,lean
A725,25.0,6.274,30.883,13.166,1,flammable
A726,25.0,13.322,43.911,8.960,0,inerted
A727,25.0,15.646,48.499,7.512,0,inerted
A728,25.0,0.410,12.616,18.221,0,lean
A729,25.0,15.340,3.538,16.995,0,rich
A730,25.0,9.831,33.988,11.770,0,rich
A731,25.0,0.730,25.802,15.392,0,lean
A732,25.0,15.414,30.910,11.245,0,rich
A733,25.0,11.529,45.606,8.980,0,inerted
A734,25.0,19.856,3.603,16.035,0,rich
A735,25.0,4.016,27.902,14.263,0,lean
A736,25.0,18.906,24.419,11.873,0,rich
A737,25.0,5.004,8.351,18.152,1,flammable
A738,25.0,3.174,32.156,13.548,0,lean
A739,25.0,6.100,33.748,12.602,1,flammable
A740,25.0,8.982,6.386,17.730,1,flammable
A741,25.0,14.478,45.539,8.376,0,inerted
A742,25.0,15.551,17.459,14.034,0,rich
A743,25.0,19.906,14.278,13.789,0,rich
A744,25.0,8.482,0.198,19.132,1,flammable
A745,25.0,9.958,4.498,17.921,1,flammable
A746,25.0,10.861,31.257,12.126,0,rich
A747,25.0,6.382,34.877,12.306,1,flammable
A748,25.0,6.388,22.345,14.930,1,flammable
A749,25.0,3.321,24.180,15.189,0,lean
A750,25.0,2.163,4.832,19.485,0,lean
A751,25.0,18.863,44.907,7.590,0,inerted
A752,25.0,16.403,44.930,8.101,0,inerted
A753,25.0,17.270,38.793,9.205,0,rich
A754,25.0,6.265,35.189,12.265,1,flammable
A755,25.0,8.009,14.861,16.159,1,flammable
A756,25.0,3.609,16.175,16.805,0,lean
A757,25.0,19.943,36.391,9.148,0,rich
A758,25.0,13.706,10.054,15.972,0,rich
A759,25.0,3.765,48.029,10.099,0,inerted
A760,25.0,0.099,36.369,13.310,0,lean
A761,25.0,7.246,41.055,10.831,0,rich
A762,25.0,12.715,7.579,16.698,1,flammable
A763,25.0,12.420,28.115,12.458,0,rich
A764,25.0,8.716,24.284,14.036,1,flammable
A765,25.0,9.685,3.654,18.156,1,flammable
A766,25.0,19.501,45.783,7.273,0,inerted
A767,25.0,14.424,38.162,9.933,0,rich
A768,25.0,19.695,35.853,9.313,0,rich
A769,25.0,15.522,2.907,17.089,0,rich
A770,25.0,12.179,11.789,15.929,1,flammable
A771,25.0,12.970,48.030,8.171,0,inerted
A772,25.0,0.483,48.242,10.742,0,lean
A773,25.0,19.168,8.741,15.103,0,rich
A774,25.0,15.663,47.934,7.626,0,inerted
A775,25.0,10.157,8.916,16.954,1,flammable
A776,25.0,0.380,26.788,15.258,0,lean
A777,25.0,18.755,8.632,15.212,0,rich
A778,25.0,8.553,43.010,10.147,0,inerted
A779,25.0,16.934,8.866,15.545,0,rich
A780,25.0,8.988,32.621,12.233,0,rich
A781,25.0,1.255,39.882,12.332,0,lean
A782,25.0,11.467,20.138,14.329,1,flammable
A783,25.0,0.848,44.297,11.492,0,lean
A784,25.0,17.370,19.086,13.313,0,rich
A785,25.0,13.410,35.092,10.789,0,rich
A786,25.0,3.121,20.106,16.084,0,lean
A787,25.0,8.990,32.790,12.197,0,rich
A788,25.0,7.866,16.131,15.923,1,flammable
A789,25.0,2.971,2.311,19.843,0,lean
A790,25.0,8.890,7.204,17.578,1,flammable
A791,25.0,9.701,46.297,9.218,0,inerted
A792,25.0,18.226,41.419,8.454,0,rich
A793,25.0,1.482,25.967,15.199,0,lean
A794,25.0,19.572,20.028,12.654,0,rich
A795,25.0,9.589,10.246,16.795,1,flammable
A796,25.0,10.303,10.127,16.670,1,flammable
A797,25.0,3.270,33.516,13.243,0,lean
A798,25.0,16.108,41.860,8.806,0,inerted
A799,25.0,13.477,21.955,13.527,0,rich
A800,25.0,19.839,41.665,8.065,0,inerted
