wavenumber [cm^-1],absorbance
463.4380,0.027334
464.3755,0.026872
465.3130,0.026872
466.2505,0.026872
467.1880,0.026872
468.1255,0.026872
469.0630,0.026872
470.0005,0.027334
470.9380,0.027334
471.8755,0.027334
472.8130,0.028260
473.7505,0.028724
474.6880,0.029653
475.6255,0.030118
476.5630,0.032920
477.5005,0.033389
478.4380,0.034328
479.3756,0.034328
480.3131,0.032920
481.2506,0.031517
482.1881,0.030118
483.1256,0.030118
484.0631,0.025949
485.0006,0.025949
485.9381,0.026872
486.8756,0.026872
487.8131,0.027334
488.7506,0.027334
489.6881,0.027334
490.6256,0.027334
491.5631,0.028260
492.5006,0.028260
493.4381,0.025488
494.3756,0.024568
495.3131,0.024568
496.2506,0.025488
497.1881,0.025949
498.1256,0.027334
499.0631,0.028260
500.0006,0.028260
500.9381,0.028260
501.8756,0.028724
502.8131,0.028260
503.7506,0.028260
504.6881,0.028260
505.6256,0.028724
506.5631,0.028724
507.5006,0.029653
508.4381,0.029653
509.3757,0.029653
510.3132,0.031517
511.2507,0.033389
512.1882,0.034328
513.1257,0.031984
514.0632,0.026872
515.0007,0.024568
515.9382,0.024109
516.8757,0.024568
517.8132,0.025949
518.7507,0.026872
519.6882,0.028260
520.6257,0.028260
521.5632,0.028724
522.5007,0.028724
523.4382,0.025488
524.3757,0.023650
525.3132,0.023650
526.2507,0.022734
527.1882,0.022734
528.1257,0.022276
529.0632,0.021363
530.0007,0.022276
530.9382,0.022276
531.8757,0.024109
532.8132,0.024568
533.7507,0.024568
534.6882,0.024109
535.6257,0.023650
536.5632,0.022734
537.5007,0.022276
538.4383,0.021363
539.3758,0.021363
540.3133,0.020907
541.2508,0.021363
542.1883,0.023650
543.1258,0.031984
544.0633,0.033389
545.0008,0.032920
545.9383,0.028724
546.8758,0.025488
547.8133,0.022734
548.7508,0.021363
549.6883,0.019997
550.6258,0.021363
551.5633,0.023650
552.5008,0.039006
553.4383,0.040482
554.3758,0.039054
555.3133,0.029700
556.2508,0.022322
557.1883,0.019997
558.1258,0.018634
559.0633,0.018634
560.0008,0.018634
560.9383,0.019997
561.8758,0.019997
562.8133,0.019542
563.7508,0.019542
564.6883,0.018634
565.6258,0.018634
566.5633,0.018181
567.5008,0.018181
568.4384,0.018181
569.3759,0.018181
570.3134,0.018634
571.2509,0.018634
572.1884,0.018634
573.1259,0.017729
574.0634,0.017729
575.0009,0.018181
575.9384,0.019542
576.8759,0.022734
577.8134,0.025488
578.7509,0.025949
579.6884,0.025488
580.6259,0.021363
581.5634,0.019997
582.5009,0.016825
583.4384,0.014125
584.3759,0.013676
585.3134,0.015023
586.2509,0.018634
587.1884,0.019542
588.1259,0.018634
589.0634,0.015023
590.0009,0.013676
590.9384,0.012334
591.8759,0.011887
592.8134,0.010550
593.7509,0.010550
594.6884,0.012781
595.6259,0.012781
596.5634,0.012781
597.5009,0.012781
598.4385,0.012334
599.3760,0.011887
600.3135,0.011887
601.2510,0.011887
602.1885,0.012781
603.1260,0.015023
604.0635,0.016374
605.0010,0.015023
605.9385,0.012781
606.8760,0.009661
607.8135,0.009661
608.7510,0.009217
609.6885,0.009217
610.6260,0.009217
611.5635,0.008331
612.5010,0.008331
613.4385,0.010550
614.3760,0.011887
615.3135,0.012781
616.2510,0.011887
617.1885,0.009217
618.1260,0.008331
619.0635,0.008331
620.0010,0.010995
620.9385,0.011887
621.8760,0.011887
622.8135,0.009217
623.7510,0.007889
624.6885,0.007889
625.6260,0.008331
626.5635,0.009217
627.5010,0.009217
628.4386,0.009661
629.3761,0.008331
630.3136,0.007889
631.2511,0.006564
632.1886,0.005243
633.1261,0.004804
634.0636,0.004804
635.0011,0.006123
635.9386,0.006123
636.8761,0.006123
637.8136,0.006123
638.7511,0.006123
639.6886,0.006123
640.6261,0.005243
641.5636,0.005243
642.5011,0.004804
643.4386,0.004804
644.3761,0.005243
645.3136,0.006564
646.2511,0.006564
647.1886,0.007005
648.1261,0.007005
649.0636,0.007889
650.0011,0.008331
650.9386,0.008331
651.8761,0.009217
652.8136,0.009217
653.7511,0.008331
654.6886,0.007889
655.6261,0.009217
656.5636,0.010550
657.5011,0.010550
658.4387,0.009661
659.3762,0.008331
660.3137,0.008331
661.2512,0.007889
662.1887,0.007005
663.1262,0.007005
664.0637,0.006123
665.0012,0.005243
665.9387,0.004804
666.8762,0.004804
667.8137,0.004804
668.7512,0.003926
669.6887,0.003926
670.6262,0.003926
671.5637,0.003926
672.5012,0.003926
673.4387,0.003926
674.3762,0.003488
675.3137,0.002614
676.2512,0.002614
677.1887,0.002614
678.1262,0.002614
679.0637,0.002614
680.0012,0.003488
680.9387,0.003488
681.8762,0.003926
682.8137,0.003926
683.7512,0.003926
684.6887,0.003926
685.6262,0.003926
686.5637,0.003926
687.5013,0.004804
688.4388,0.004804
689.3763,0.004804
690.3138,0.004804
691.2513,0.003926
692.1888,0.003926
693.1263,0.003926
694.0638,0.005243
695.0013,0.007005
695.9388,0.008331
696.8763,0.009217
697.8138,0.009661
698.7513,0.009661
699.6888,0.008331
700.6263,0.008331
701.5638,0.007889
702.5013,0.007005
703.4388,0.005243
704.3763,0.003926
705.3138,0.003488
706.2513,0.003488
707.1888,0.003488
708.1263,0.003488
709.0638,0.003488
710.0013,0.003488
710.9388,0.003488
711.8763,0.002177
712.8138,0.002177
713.7513,0.002177
714.6888,0.002177
715.6263,0.002177
716.5638,0.002614
717.5014,0.002614
718.4389,0.002614
719.3764,0.002614
720.3139,0.002614
721.2514,0.002614
722.1889,0.002614
723.1264,0.002177
724.0639,0.001305
725.0014,0.000869
725.9389,0.000869
726.8764,0.000869
727.8139,0.000869
728.7514,0.000869
729.6889,0.001305
730.6264,0.002614
731.5639,0.003488
732.5014,0.003488
733.4389,0.002177
734.3764,0.002177
735.3139,0.002177
736.2514,0.002614
737.1889,0.003488
738.1264,0.004804
739.0639,0.007889
740.0014,0.009217
740.9389,0.011887
741.8764,0.011887
742.8139,0.010550
743.7514,0.006564
744.6889,0.004804
745.6264,0.003926
746.5639,0.003926
747.5015,0.003488
748.4390,0.003488
749.3765,0.003488
750.3140,0.003488
751.2515,0.003488
752.1890,0.003488
753.1265,0.003488
754.0640,0.003488
755.0015,0.003926
755.9390,0.003926
756.8765,0.003926
757.8140,0.003926
758.7515,0.003926
759.6890,0.004804
760.6265,0.003926
761.5640,0.003926
762.5015,0.003488
763.4390,0.003926
764.3765,0.003488
765.3140,0.003488
766.2515,0.003488
767.1890,0.003488
768.1265,0.003488
769.0640,0.003488
770.0015,0.003488
770.9390,0.003488
771.8765,0.002614
772.8140,0.002614
773.7515,0.002177
774.6890,0.002614
775.6265,0.002614
776.5640,0.002614
777.5016,0.003488
778.4391,0.003488
779.3766,0.003926
780.3141,0.004804
781.2516,0.004804
782.1891,0.006123
783.1266,0.006123
784.0641,0.006564
785.0016,0.005243
785.9391,0.004804
786.8766,0.003926
787.8141,0.003488
788.7516,0.003488
789.6891,0.002614
790.6266,0.002177
791.5641,0.002177
792.5016,0.001305
793.4391,0.002177
794.3766,0.002177
795.3141,0.002177
796.2516,0.002614
797.1891,0.002614
798.1266,0.002614
799.0641,0.003488
800.0016,0.003488
800.9391,0.003488
801.8766,0.003926
802.8141,0.003926
803.7516,0.003926
804.6891,0.003926
805.6266,0.003926
806.5642,0.003488
807.5017,0.003488
808.4392,0.002614
809.3767,0.003488
810.3142,0.003488
811.2517,0.003488
812.1892,0.003488
813.1267,0.003488
814.0642,0.003488
815.0017,0.003488
815.9392,0.003488
816.8767,0.003488
817.8142,0.003488
818.7517,0.003488
819.6892,0.003488
820.6267,0.003488
821.5642,0.003488
822.5017,0.003926
823.4392,0.004804
824.3767,0.005243
825.3142,0.006123
826.2517,0.005243
827.1892,0.004804
828.1267,0.003926
829.0642,0.003926
830.0017,0.003488
830.9392,0.002614
831.8767,0.002614
832.8142,0.003488
833.7517,0.003926
834.6892,0.004804
835.6267,0.005243
836.5643,0.006123
837.5018,0.006123
838.4393,0.006564
839.3768,0.006123
840.3143,0.006123
841.2518,0.006123
842.1893,0.005243
843.1268,0.003926
844.0643,0.003488
845.0018,0.002614
845.9393,0.002614
846.8768,0.002614
847.8143,0.003488
848.7518,0.003488
849.6893,0.003488
850.6268,0.003488
851.5643,0.003488
852.5018,0.002614
853.4393,0.002614
854.3768,0.002177
855.3143,0.002177
856.2518,0.002177
857.1893,0.002177
858.1268,0.002614
859.0643,0.002614
860.0018,0.003488
860.9393,0.003488
861.8768,0.003488
862.8143,0.003488
863.7518,0.003488
864.6893,0.003488
865.6268,0.002614
866.5644,0.002614
867.5019,0.002614
868.4394,0.002614
869.3769,0.002614
870.3144,0.003488
871.2519,0.003926
872.1894,0.003926
873.1269,0.004804
874.0644,0.004804
875.0019,0.004804
875.9394,0.004804
876.8769,0.004804
877.8144,0.003488
878.7519,0.003488
879.6894,0.003488
880.6269,0.002614
881.5644,0.002614
882.5019,0.002614
883.4394,0.002177
884.3769,0.002614
885.3144,0.002614
886.2519,0.002614
887.1894,0.002614
888.1269,0.003488
889.0644,0.003488
890.0019,0.003926
890.9394,0.003926
891.8769,0.003926
892.8144,0.003926
893.7519,0.003926
894.6894,0.003926
895.6269,0.003926
896.5645,0.004804
897.5020,0.004804
898.4395,0.005243
899.3770,0.005243
900.3145,0.005243
901.2520,0.004804
902.1895,0.005243
903.1270,0.005243
904.0645,0.005243
905.0020,0.005243
905.9395,0.005243
906.8770,0.005243
907.8145,0.005243
908.7520,0.005243
909.6895,0.005243
910.6270,0.006123
911.5645,0.006123
912.5020,0.006564
913.4395,0.007005
914.3770,0.007005
915.3145,0.007005
916.2520,0.007005
917.1895,0.007005
918.1270,0.007005
919.0645,0.007005
920.0020,0.007005
920.9395,0.007889
921.8770,0.007889
922.8145,0.008331
923.7520,0.009217
924.6895,0.009217
925.6270,0.009217
926.5646,0.009661
927.5021,0.009661
928.4396,0.010550
929.3771,0.010995
930.3146,0.011887
931.2521,0.011887
932.1896,0.012334
933.1271,0.012781
934.0646,0.012781
935.0021,0.012781
935.9396,0.012334
936.8771,0.012334
937.8146,0.012334
938.7521,0.012334
939.6896,0.012334
940.6271,0.012781
941.5646,0.013676
942.5021,0.014125
943.4396,0.015023
944.3771,0.015473
945.3146,0.015473
946.2521,0.016374
947.1896,0.016374
948.1271,0.016374
949.0646,0.016374
950.0021,0.016825
950.9396,0.017729
951.8771,0.017729
952.8146,0.019542
953.7521,0.022276
954.6896,0.025488
955.6272,0.028260
956.5647,0.029653
957.5022,0.029653
958.4397,0.029653
959.3772,0.031517
960.3147,0.034328
961.2522,0.037631
962.1897,0.040959
963.1272,0.044312
964.0647,0.046724
965.0022,0.048662
965.9397,0.050122
966.8772,0.053057
967.8147,0.057496
968.7522,0.059484
969.6897,0.061480
970.6272,0.064493
971.5647,0.072630
972.5022,0.081445
973.4397,0.090979
974.3772,0.098542
975.3147,0.105130
976.2522,0.112946
977.1897,0.123147
978.1272,0.129011
979.0647,0.134896
980.0022,0.147520
980.9397,0.163043
981.8772,0.181115
982.8147,0.199283
983.7522,0.209715
984.6897,0.220404
985.6273,0.243288
986.5648,0.266722
987.5023,0.293197
988.4398,0.307153
989.3773,0.322393
990.3148,0.352617
991.2523,0.385103
992.1898,0.417937
993.1273,0.436519
994.0648,0.455932
995.0023,0.493360
995.9398,0.532984
996.8773,0.573326
997.8148,0.614394
998.7523,0.634512
999.6898,0.655608
1000.6273,0.696804
1001.5648,0.737549
1002.5023,0.772113
1003.4398,0.795880
1004.3773,0.835647
1005.3148,0.863279
1006.2523,0.866461
1007.1898,0.882729
1008.1273,0.896196
1009.0648,0.906578
1010.0023,0.931814
1010.9398,0.943095
1011.8773,0.943095
1012.8148,0.950782
1013.7523,0.950782
1014.6898,0.950782
1015.6274,0.939302
1016.5649,0.939302
1017.5024,0.920819
1018.4399,0.920819
1019.3774,0.903090
1020.3149,0.882729
1021.2524,0.806875
1022.1899,0.804100
1023.1274,0.756962
1024.0649,0.718967
1025.0024,0.686344
1025.9399,0.623423
1026.8774,0.596879
1027.8149,0.573489
1028.7524,0.549751
1029.6899,0.533132
1030.6274,0.518557
1031.5649,0.649558
1032.5024,0.844057
1033.4399,1.206210
1034.3774,1.764472
1035.3149,0.978397
1036.2524,0.823619
1037.1899,0.623423
1038.1274,0.548214
1039.0649,0.384155
1040.0024,0.388277
1040.9399,0.458296
1041.8774,0.541967
1042.8149,0.594995
1043.7524,0.655411
1044.6899,0.812479
1045.6275,0.860121
1046.5650,0.910095
1047.5025,0.970616
1048.4400,1.004365
1049.3775,1.036212
1050.3150,1.119186
1051.2525,1.221849
1052.1900,1.244125
1053.1275,1.275724
1054.0650,1.301030
1055.0025,1.301030
1055.9400,1.327902
1056.8775,1.327902
1057.8150,1.309804
1058.7525,1.301030
1059.6900,1.301030
1060.6275,1.267606
1061.5650,1.229148
1062.5025,1.207608
1063.4400,1.167491
1064.3775,1.091515
1065.3150,1.070581
1066.2525,0.966576
1067.1900,0.920819
1068.1275,0.835647
1069.0650,0.798603
1070.0025,0.761954
1070.9400,0.707966
1071.8775,0.592099
1072.8150,0.548060
1073.7525,0.514279
1074.6900,0.480172
1075.6276,0.420216
1076.5651,0.387216
1077.5026,0.309893
1078.4401,0.283997
1079.3776,0.268411
1080.3151,0.248028
1081.2526,0.191992
1082.1901,0.168706
1083.1276,0.147459
1084.0651,0.114074
1085.0026,0.098542
1085.9401,0.085657
1086.8776,0.074172
1087.8151,0.059484
1088.7526,0.051587
1089.6901,0.049635
1090.6276,0.045757
1091.5651,0.044312
1092.5026,0.043832
1093.4401,0.043832
1094.3776,0.043832
1095.3151,0.045275
1096.2526,0.044312
1097.1901,0.042393
1098.1276,0.040482
1099.0651,0.039054
1100.0026,0.038105
1100.9401,0.037631
1101.8776,0.036212
1102.8151,0.035740
1103.7526,0.034328
1104.6901,0.034328
1105.6277,0.037157
1106.5652,0.037157
1107.5027,0.036212
1108.4402,0.036212
1109.3777,0.035740
1110.3152,0.034798
1111.2527,0.034328
1112.1902,0.033389
1113.1277,0.033389
1114.0652,0.035740
1115.0027,0.035740
1115.9402,0.034798
1116.8777,0.034328
1117.8152,0.031984
1118.7527,0.030118
1119.6902,0.029653
1120.6277,0.028260
1121.5652,0.028260
1122.5027,0.026872
1123.4402,0.025949
1124.3777,0.025488
1125.3152,0.024568
1126.2527,0.024568
1127.1902,0.024109
1128.1277,0.023650
1129.0652,0.022734
1130.0027,0.022276
1130.9402,0.021363
1131.8777,0.020907
1132.8152,0.019997
1133.7527,0.019997
1134.6903,0.020907
1135.6278,0.022276
1136.5653,0.023650
1137.5028,0.024109
1138.4403,0.024109
1139.3778,0.024109
1140.3153,0.023650
1141.2528,0.022734
1142.1903,0.021363
1143.1278,0.021363
1144.0653,0.022734
1145.0028,0.023650
1145.9403,0.022734
1146.8778,0.022276
1147.8153,0.019997
1148.7528,0.019542
1149.6903,0.019542
1150.6278,0.019542
1151.5653,0.018634
1152.5028,0.018634
1153.4403,0.018181
1154.3778,0.018181
1155.3153,0.018181
1156.2528,0.018181
1157.1903,0.017729
1158.1278,0.017729
1159.0653,0.017729
1160.0028,0.017729
1160.9403,0.017729
1161.8778,0.017729
1162.8153,0.018181
1163.7528,0.018181
1164.6904,0.018634
1165.6279,0.018634
1166.5654,0.018634
1167.5029,0.018181
1168.4404,0.018181
1169.3779,0.017729
1170.3154,0.017729
1171.2529,0.016374
1172.1904,0.016374
1173.1279,0.016374
1174.0654,0.016825
1175.0029,0.016825
1175.9404,0.018181
1176.8779,0.018634
1177.8154,0.019542
1178.7529,0.019997
1179.6904,0.021363
1180.6279,0.022734
1181.5654,0.023650
1182.5029,0.025488
1183.4404,0.026872
1184.3779,0.026872
1185.3154,0.025949
1186.2529,0.025949
1187.1904,0.025949
1188.1279,0.025488
1189.0654,0.025949
1190.0029,0.026872
1190.9404,0.026872
1191.8779,0.026872
1192.8154,0.026872
1193.7529,0.027334
1194.6905,0.028260
1195.6280,0.028260
1196.5655,0.029653
1197.5030,0.030118
1198.4405,0.031517
1199.3780,0.034328
1200.3155,0.034798
1201.2530,0.035740
1202.1905,0.036212
1203.1280,0.037157
1204.0655,0.040482
1205.0030,0.041914
1205.9405,0.041914
1206.8780,0.041914
1207.8155,0.040959
1208.7530,0.041914
1209.6905,0.041914
1210.6280,0.041914
1211.5655,0.041914
1212.5030,0.044312
1213.4405,0.045275
1214.3780,0.045757
1215.3155,0.047208
1216.2530,0.050122
1217.1905,0.050122
1218.1280,0.045757
1219.0655,0.043832
1220.0030,0.040482
1220.9405,0.040482
1221.8780,0.041914
1222.8155,0.043832
1223.7530,0.044312
1224.6906,0.045275
1225.6281,0.046724
1226.5656,0.049635
1227.5031,0.050122
1228.4406,0.048662
1229.3781,0.048177
1230.3156,0.047208
1231.2531,0.046724
1232.1906,0.042393
1233.1281,0.039054
1234.0656,0.043832
1235.0031,0.045757
1235.9406,0.048662
1236.8781,0.045757
1237.8156,0.044312
1238.7531,0.046724
1239.6906,0.048662
1240.6281,0.051587
1241.5656,0.053548
1242.5031,0.058489
1243.4406,0.059484
1244.3781,0.059982
1245.3156,0.056011
1246.2531,0.055024
1247.1906,0.053548
1248.1281,0.053057
1249.0656,0.053548
1250.0031,0.057992
1250.9406,0.058489
1251.8781,0.059982
1252.8156,0.062984
1253.7531,0.064493
1254.6907,0.064997
1255.6282,0.064997
1256.5657,0.066007
1257.5032,0.066007
1258.4407,0.066513
1259.3782,0.067526
1260.3157,0.067526
1261.2532,0.069051
1262.1907,0.069051
1263.1282,0.069051
1264.0657,0.069051
1265.0032,0.069560
1265.9407,0.070581
1266.8782,0.070581
1267.8157,0.070581
1268.7532,0.070581
1269.6907,0.070581
1270.6282,0.070581
1271.5657,0.070581
1272.5032,0.070581
1273.4407,0.070581
1274.3782,0.070581
1275.3157,0.070581
1276.2532,0.070581
1277.1907,0.070581
1278.1282,0.070581
1279.0657,0.069560
1280.0032,0.070581
1280.9407,0.071092
1281.8782,0.071092
1282.8157,0.071092
1283.7532,0.072630
1284.6908,0.074688
1285.6283,0.075721
1286.5658,0.076238
1287.5033,0.077275
1288.4408,0.077275
1289.3783,0.077275
1290.3158,0.077794
1291.2533,0.078314
1292.1908,0.079355
1293.1283,0.081445
1294.0658,0.086716
1295.0033,0.093126
1295.9408,0.097997
1296.8783,0.099633
1297.8158,0.099633
1298.7533,0.099633
1299.6908,0.099633
1300.6283,0.099633
1301.5658,0.101824
1302.5033,0.104025
1303.4408,0.106793
1304.3783,0.109579
1305.3158,0.111259
1306.2533,0.114639
1307.1908,0.116339
1308.1283,0.118615
1309.0658,0.121478
1310.0033,0.123782
1310.9408,0.127261
1311.8783,0.127261
1312.8158,0.123782
1313.7533,0.121478
1314.6909,0.121478
1315.6284,0.121478
1316.5659,0.124360
1317.5034,0.125518
1318.4409,0.129011
1319.3784,0.133713
1320.3159,0.139063
1321.2534,0.144481
1322.1909,0.147520
1323.1284,0.154902
1324.0659,0.158641
1325.0034,0.159267
1325.9409,0.157391
1326.8784,0.156767
1327.8159,0.154282
1328.7534,0.150581
1329.6909,0.147520
1330.6284,0.144481
1331.5659,0.139662
1332.5034,0.143271
1333.4409,0.145087
1334.3784,0.145087
1335.3159,0.146423
1336.2534,0.182501
1337.1909,0.199283
1338.1284,0.182369
1339.0659,0.131944
1340.0034,0.127844
1340.9409,0.129011
1341.8784,0.130768
1342.8159,0.142668
1343.7535,0.156705
1344.6910,0.171340
1345.6285,0.171276
1346.5660,0.158641
1347.5035,0.154282
1348.4410,0.151195
1349.3785,0.181774
1350.3160,0.215383
1351.2535,0.221849
1352.1910,0.191857
1353.1285,0.182435
1354.0660,0.173925
1355.0035,0.166853
1355.9410,0.168770
1356.8785,0.177832
1357.8160,0.185752
1358.7535,0.191789
1359.6910,0.193142
1360.6285,0.201349
1361.5660,0.211125
1362.5035,0.211125
1363.4410,0.212540
1364.3785,0.211125
1365.3160,0.211125
1366.2535,0.211125
1367.1910,0.210419
1368.1285,0.210419
1369.0660,0.209715
1370.0035,0.209715
1370.9410,0.209715
1371.8785,0.208309
1372.8160,0.208309
1373.7536,0.214670
1374.6911,0.220404
1375.6286,0.229148
1376.5661,0.219683
1377.5036,0.210419
1378.4411,0.208309
1379.3786,0.206210
1380.3161,0.204120
1381.2536,0.202040
1382.1911,0.202040
1383.1286,0.201349
1384.0661,0.200659
1385.0036,0.195179
1385.9411,0.191789
1386.8786,0.190440
1387.8161,0.188425
1388.7536,0.187755
1389.6911,0.182435
1390.6286,0.181774
1391.5661,0.177178
1392.5036,0.171340
1393.4411,0.164944
1394.3786,0.159267
1395.3161,0.156767
1396.2536,0.152427
1397.1911,0.150581
1398.1286,0.148742
1399.0661,0.145087
1400.0036,0.142668
1400.9411,0.140862
1401.8786,0.138466
1402.8161,0.133122
1403.7537,0.127261
1404.6912,0.121478
1405.6287,0.119758
1406.5662,0.116907
1407.5037,0.114639
1408.4412,0.111259
1409.3787,0.109579
1410.3162,0.107905
1411.2537,0.106793
1412.1912,0.107349
1413.1287,0.107905
1414.0662,0.110698
1415.0037,0.112383
1415.9412,0.114639
1416.8787,0.114639
1417.8162,0.111259
1418.7537,0.101824
1419.6912,0.100179
1420.6287,0.100179
1421.5662,0.098542
1422.5037,0.097997
1423.4412,0.093665
1424.3787,0.093126
1425.3162,0.092589
1426.2537,0.091515
1427.1912,0.092589
1428.1287,0.093665
1429.0662,0.091515
1430.0037,0.090979
1430.9412,0.089376
1431.8787,0.090979
1432.8162,0.090979
1433.7538,0.091515
1434.6913,0.090979
1435.6288,0.089909
1436.5663,0.089376
1437.5038,0.088310
1438.4413,0.086186
1439.3788,0.085657
1440.3163,0.083020
1441.2538,0.080922
1442.1913,0.077794
1443.1288,0.074172
1444.0663,0.071604
1445.0038,0.071092
1445.9413,0.069560
1446.8788,0.066007
1447.8163,0.064493
1448.7538,0.062984
1449.6913,0.057992
1450.6288,0.051587
1451.5663,0.050122
1452.5038,0.049635
1453.4413,0.053548
1454.3788,0.062482
1455.3163,0.071092
1456.2538,0.114526
1457.1913,0.129655
1458.1288,0.145148
1459.0663,0.167363
1460.0038,0.120274
1460.9413,0.100727
1461.8788,0.087778
1462.8164,0.083020
1463.7539,0.081445
1464.6914,0.083020
1465.6289,0.084600
1466.5664,0.083020
1467.5039,0.081445
1468.4414,0.079877
1469.3789,0.076238
1470.3164,0.073143
1471.2539,0.073143
1472.1914,0.077794
1473.1289,0.085657
1474.0664,0.086716
1475.0039,0.087778
1475.9414,0.088310
1476.8789,0.088310
1477.8164,0.085657
1478.7539,0.086186
1479.6914,0.086716
1480.6289,0.096367
1481.5664,0.097997
1482.5039,0.094744
1483.4414,0.086186
1484.3789,0.077275
1485.3164,0.069051
1486.2539,0.066007
1487.1914,0.066007
1488.1289,0.064997
1489.0664,0.064493
1490.0039,0.064493
1490.9414,0.063989
1491.8789,0.064493
1492.8165,0.062482
1493.7540,0.059484
1494.6915,0.058489
1495.6290,0.056505
1496.5665,0.055024
1497.5040,0.055024
1498.4415,0.055024
1499.3790,0.057992
1500.3165,0.060980
1501.2540,0.061480
1502.1915,0.062482
1503.1290,0.056011
1504.0665,0.053057
1505.0040,0.052076
1505.9415,0.051587
1506.8790,0.051587
1507.8165,0.051587
1508.7540,0.051587
1509.6915,0.051587
1510.6290,0.052076
1511.5665,0.052076
1512.5040,0.052076
1513.4415,0.053057
1514.3790,0.053548
1515.3165,0.053548
1516.2540,0.053057
1517.1915,0.052076
1518.1290,0.052076
1519.0665,0.052076
1520.0040,0.051587
1520.9415,0.051587
1521.8790,0.051587
1522.8166,0.050610
1523.7541,0.050610
1524.6916,0.050122
1525.6291,0.048662
1526.5666,0.048662
1527.5041,0.048177
1528.4416,0.048177
1529.3791,0.048177
1530.3166,0.047208
1531.2541,0.047208
1532.1916,0.046724
1533.1291,0.045757
1534.0666,0.045275
1535.0041,0.045275
1535.9416,0.045275
1536.8791,0.045275
1537.8166,0.044312
1538.7541,0.044312
1539.6916,0.043832
1540.6291,0.043351
1541.5666,0.042393
1542.5041,0.042393
1543.4416,0.041914
1544.3791,0.040959
1545.3166,0.039529
1546.2541,0.039054
1547.1916,0.038105
1548.1291,0.037631
1549.0666,0.037157
1550.0041,0.036212
1550.9416,0.035740
1551.8791,0.034798
1552.8167,0.034798
1553.7542,0.034798
1554.6917,0.034798
1555.6292,0.034798
1556.5667,0.034328
1557.5042,0.033389
1558.4417,0.032920
1559.3792,0.032920
1560.3167,0.031984
1561.2542,0.031517
1562.1917,0.031050
1563.1292,0.030118
1564.0667,0.029653
1565.0042,0.028724
1565.9417,0.028260
1566.8792,0.027334
1567.8167,0.026872
1568.7542,0.025949
1569.6917,0.025488
1570.6292,0.025488
1571.5667,0.024568
1572.5042,0.024109
1573.4417,0.024109
1574.3792,0.023650
1575.3167,0.023650
1576.2542,0.022734
1577.1917,0.022734
1578.1292,0.022734
1579.0667,0.022276
1580.0042,0.022276
1580.9417,0.021363
1581.8792,0.021363
1582.8168,0.020907
1583.7543,0.020907
1584.6918,0.020907
1585.6293,0.019997
1586.5668,0.019997
1587.5043,0.019542
1588.4418,0.019542
1589.3793,0.018634
1590.3168,0.018634
1591.2543,0.018181
1592.1918,0.018181
1593.1293,0.018181
1594.0668,0.018181
1595.0043,0.018181
1595.9418,0.018181
1596.8793,0.017729
1597.8168,0.017729
1598.7543,0.017729
1599.6918,0.017729
1600.6293,0.017729
1601.5668,0.017729
1602.5043,0.017729
1603.4418,0.017729
1604.3793,0.017729
1605.3168,0.016825
1606.2543,0.016825
1607.1918,0.016825
1608.1293,0.016825
1609.0668,0.016825
1610.0043,0.016825
1610.9418,0.016825
1611.8793,0.016374
1612.8169,0.016374
1613.7544,0.016374
1614.6919,0.016374
1615.6294,0.016374
1616.5669,0.016374
1617.5044,0.015473
1618.4419,0.015473
1619.3794,0.015473
1620.3169,0.015023
1621.2544,0.015023
1622.1919,0.015023
1623.1294,0.015023
1624.0669,0.014125
1625.0044,0.014125
1625.9419,0.014125
1626.8794,0.014125
1627.8169,0.013676
1628.7544,0.013676
1629.6919,0.013676
1630.6294,0.013676
1631.5669,0.013676
1632.5044,0.013676
1633.4419,0.012781
1634.3794,0.012781
1635.3169,0.012781
1636.2544,0.012781
1637.1919,0.012781
1638.1294,0.012781
1639.0669,0.012334
1640.0044,0.012334
1640.9419,0.012334
1641.8794,0.012334
1642.8170,0.012334
1643.7545,0.012334
1644.6920,0.012334
1645.6295,0.012334
1646.5670,0.012334
1647.5045,0.012334
1648.4420,0.012334
1649.3795,0.012334
1650.3170,0.012334
1651.2545,0.012334
1652.1920,0.012334
1653.1295,0.012334
1654.0670,0.012334
1655.0045,0.012334
1655.9420,0.012334
1656.8795,0.012334
1657.8170,0.011887
1658.7545,0.011887
1659.6920,0.011887
1660.6295,0.011887
1661.5670,0.011887
1662.5045,0.011887
1663.4420,0.011887
1664.3795,0.011887
1665.3170,0.011887
1666.2545,0.011887
1667.1920,0.011887
1668.1295,0.011887
1669.0670,0.011887
1670.0045,0.011887
1670.9420,0.011887
1671.8796,0.011887
1672.8171,0.011887
1673.7546,0.011887
1674.6921,0.011887
1675.6296,0.011887
1676.5671,0.011887
1677.5046,0.011887
1678.4421,0.011887
1679.3796,0.011887
1680.3171,0.011887
1681.2546,0.011887
1682.1921,0.011887
1683.1296,0.011887
1684.0671,0.011887
1685.0046,0.011887
1685.9421,0.011887
1686.8796,0.011887
1687.8171,0.011887
1688.7546,0.011887
1689.6921,0.011887
1690.6296,0.011887
1691.5671,0.011887
1692.5046,0.012334
1693.4421,0.012334
1694.3796,0.012334
1695.3171,0.012334
1696.2546,0.012781
1697.1921,0.012781
1698.1296,0.012781
1699.0671,0.013676
1700.0046,0.013676
1700.9421,0.014125
1701.8797,0.013676
1702.8172,0.012781
1703.7547,0.012781
1704.6922,0.012334
1705.6297,0.012334
1706.5672,0.012334
1707.5047,0.011887
1708.4422,0.011887
1709.3797,0.011887
1710.3172,0.011887
1711.2547,0.011887
1712.1922,0.011887
1713.1297,0.012334
1714.0672,0.012334
1715.0047,0.012334
1715.9422,0.012781
1716.8797,0.012781
1717.8172,0.012334
1718.7547,0.012334
1719.6922,0.012334
1720.6297,0.012781
1721.5672,0.012781
1722.5047,0.012781
1723.4422,0.012781
1724.3797,0.012781
1725.3172,0.013676
1726.2547,0.013676
1727.1922,0.013676
1728.1297,0.013676
1729.0672,0.014125
1730.0047,0.014125
1730.9422,0.014125
1731.8798,0.014125
1732.8173,0.014125
1733.7548,0.014125
1734.6923,0.014125
1735.6298,0.014125
1736.5673,0.014125
1737.5048,0.014125
1738.4423,0.014125
1739.3798,0.014125
1740.3173,0.014125
1741.2548,0.013676
1742.1923,0.013676
1743.1298,0.012781
1744.0673,0.012781
1745.0048,0.012781
1745.9423,0.012781
1746.8798,0.012781
1747.8173,0.012781
1748.7548,0.012334
1749.6923,0.012334
1750.6298,0.012334
1751.5673,0.012334
1752.5048,0.012334
1753.4423,0.012334
1754.3798,0.012334
1755.3173,0.012334
1756.2548,0.012334
1757.1923,0.012334
1758.1298,0.012781
1759.0673,0.012781
1760.0048,0.013676
1760.9423,0.013676
1761.8799,0.014125
1762.8174,0.014125
1763.7549,0.014125
1764.6924,0.015023
1765.6299,0.015023
1766.5674,0.015023
1767.5049,0.015023
1768.4424,0.015023
1769.3799,0.015023
1770.3174,0.015473
1771.2549,0.015023
1772.1924,0.015023
1773.1299,0.014125
1774.0674,0.014125
1775.0049,0.013676
1775.9424,0.012781
1776.8799,0.012781
1777.8174,0.012781
1778.7549,0.012781
1779.6924,0.012334
1780.6299,0.012334
1781.5674,0.012334
1782.5049,0.012334
1783.4424,0.012334
1784.3799,0.012334
1785.3174,0.012334
1786.2549,0.011887
1787.1924,0.011887
1788.1299,0.011887
1789.0674,0.011887
1790.0049,0.011887
1790.9425,0.011887
1791.8800,0.010995
1792.8175,0.010995
1793.7550,0.010995
1794.6925,0.010995
1795.6300,0.010995
1796.5675,0.010995
1797.5050,0.010995
1798.4425,0.010995
1799.3800,0.010995
1800.3175,0.010995
1801.2550,0.010995
1802.1925,0.010550
1803.1300,0.010550
1804.0675,0.010550
1805.0050,0.010550
1805.9425,0.010550
1806.8800,0.010550
1807.8175,0.010550
1808.7550,0.010550
1809.6925,0.010550
1810.6300,0.010550
1811.5675,0.010550
1812.5050,0.010550
1813.4425,0.010550
1814.3800,0.009661
1815.3175,0.009661
1816.2550,0.009661
1817.1925,0.009661
1818.1300,0.009661
1819.0675,0.009661
1820.0050,0.009661
1820.9425,0.009661
1821.8801,0.009661
1822.8176,0.009661
1823.7551,0.009661
1824.6926,0.009661
1825.6301,0.009661
1826.5676,0.009661
1827.5051,0.009661
1828.4426,0.009661
1829.3801,0.009661
1830.3176,0.009661
1831.2551,0.009661
1832.1926,0.009661
1833.1301,0.009661
1834.0676,0.009661
1835.0051,0.009661
1835.9426,0.009661
1836.8801,0.009661
1837.8176,0.009661
1838.7551,0.009661
1839.6926,0.009661
1840.6301,0.010550
1841.5676,0.010550
1842.5051,0.010550
1843.4426,0.010550
1844.3801,0.010995
1845.3176,0.010995
1846.2551,0.010995
1847.1926,0.010995
1848.1301,0.010995
1849.0676,0.010995
1850.0051,0.010995
1850.9427,0.010995
1851.8802,0.010995
1852.8177,0.010995
1853.7552,0.010550
1854.6927,0.010550
1855.6302,0.010550
1856.5677,0.010550
1857.5052,0.010550
1858.4427,0.010550
1859.3802,0.010550
1860.3177,0.010550
1861.2552,0.010550
1862.1927,0.010550
1863.1302,0.010550
1864.0677,0.010550
1865.0052,0.010550
1865.9427,0.010550
1866.8802,0.010550
1867.8177,0.010550
1868.7552,0.009661
1869.6927,0.009661
1870.6302,0.009661
1871.5677,0.009661
1872.5052,0.009661
1873.4427,0.009661
1874.3802,0.009661
1875.3177,0.009661
1876.2552,0.009661
1877.1927,0.009661
1878.1302,0.009661
1879.0677,0.009661
1880.0052,0.009661
1880.9428,0.009661
1881.8803,0.009661
1882.8178,0.009661
1883.7553,0.010550
1884.6928,0.010550
1885.6303,0.010550
1886.5678,0.010550
1887.5053,0.010550
1888.4428,0.010550
1889.3803,0.010550
1890.3178,0.010550
1891.2553,0.010550
1892.1928,0.010550
1893.1303,0.010550
1894.0678,0.010550
1895.0053,0.010550
1895.9428,0.010550
1896.8803,0.010550
1897.8178,0.010550
1898.7553,0.010550
1899.6928,0.010550
1900.6303,0.010550
1901.5678,0.010550
1902.5053,0.010550
1903.4428,0.010550
1904.3803,0.010550
1905.3178,0.010550
1906.2553,0.010550
1907.1928,0.010550
1908.1303,0.010550
1909.0678,0.010550
1910.0053,0.010550
1910.9429,0.010550
1911.8804,0.010550
1912.8179,0.010550
1913.7554,0.010550
1914.6929,0.010550
1915.6304,0.010550
1916.5679,0.009661
1917.5054,0.009661
1918.4429,0.009661
1919.3804,0.009661
1920.3179,0.009661
1921.2554,0.009661
1922.1929,0.009661
1923.1304,0.009661
1924.0679,0.009661
1925.0054,0.009661
1925.9429,0.009661
1926.8804,0.009661
1927.8179,0.009661
1928.7554,0.009661
1929.6929,0.009661
1930.6304,0.009661
1931.5679,0.009661
1932.5054,0.009661
1933.4429,0.010550
1934.3804,0.010550
1935.3179,0.010550
1936.2554,0.010550
1937.1929,0.010550
1938.1304,0.010550
1939.0679,0.010550
1940.0055,0.010550
1940.9430,0.010995
1941.8805,0.010995
1942.8180,0.010995
1943.7555,0.010995
1944.6930,0.010995
1945.6305,0.010995
1946.5680,0.010995
1947.5055,0.010550
1948.4430,0.010550
1949.3805,0.010550
1950.3180,0.009661
1951.2555,0.009217
1952.1930,0.009661
1953.1305,0.009217
1954.0680,0.009217
1955.0055,0.009217
1955.9430,0.009217
1956.8805,0.009217
1957.8180,0.009217
1958.7555,0.009217
1959.6930,0.009217
1960.6305,0.009217
1961.5680,0.009217
1962.5055,0.009217
1963.4430,0.009217
1964.3805,0.009217
1965.3180,0.009217
1966.2555,0.009217
1967.1930,0.009217
1968.1305,0.009217
1969.0680,0.009217
1970.0056,0.009217
1970.9431,0.009217
1971.8806,0.009217
1972.8181,0.009217
1973.7556,0.009217
1974.6931,0.009217
1975.6306,0.009217
1976.5681,0.009217
1977.5056,0.009217
1978.4431,0.009217
1979.3806,0.009217
1980.3181,0.009661
1981.2556,0.009661
1982.1931,0.009661
1983.1306,0.009661
1984.0681,0.009661
1985.0056,0.009661
1985.9431,0.009661
1986.8806,0.009661
1987.8181,0.009661
1988.7556,0.009661
1989.6931,0.009661
1990.6306,0.010550
1991.5681,0.010550
1992.5056,0.010550
1993.4431,0.010550
1994.3806,0.010550
1995.3181,0.010550
1996.2556,0.010995
1997.1931,0.010995
1998.1306,0.010995
1999.0681,0.010995
2000.0057,0.011887
2000.9432,0.012110
2001.8807,0.012334
2002.8182,0.012334
2003.7557,0.012334
2004.6932,0.012334
2005.6307,0.012334
2006.5682,0.012557
2007.5057,0.012781
2008.4432,0.012781
2009.3807,0.012781
2010.3182,0.012781
2011.2557,0.012781
2012.1932,0.013228
2013.1307,0.013676
2014.0682,0.013676
2015.0057,0.013676
2015.9432,0.013900
2016.8807,0.014125
2017.8182,0.015203
2018.7557,0.016374
2019.6932,0.016599
2020.6307,0.016825
2021.5682,0.017277
2022.5057,0.017729
2023.4432,0.017955
2024.3807,0.018181
2025.3182,0.018861
2026.2557,0.019542
2027.1932,0.020224
2028.1307,0.020907
2029.0682,0.020907
2030.0058,0.020907
2030.9433,0.021135
2031.8808,0.021363
2032.8183,0.021819
2033.7558,0.022276
2034.6933,0.022505
2035.6308,0.022734
2036.5683,0.022734
2037.5058,0.022734
2038.4433,0.023192
2039.3808,0.023650
2040.3183,0.023650
2041.2558,0.023650
2042.1933,0.023879
2043.1308,0.024109
2044.0683,0.024109
2045.0058,0.024109
2045.9433,0.024109
2046.8808,0.024109
2047.8183,0.023467
2048.7558,0.022780
2049.6933,0.022505
2050.6308,0.022276
2051.5683,0.022276
2052.5058,0.022276
2053.4433,0.022276
2054.3808,0.022276
2055.3183,0.022505
2056.2558,0.022734
2057.1933,0.024706
2058.1308,0.026780
2059.0683,0.029049
2060.0059,0.031377
2060.9434,0.033717
2061.8809,0.036071
2062.8184,0.039529
2063.7559,0.043112
2064.6934,0.046724
2065.6309,0.050366
2066.5684,0.045854
2067.5059,0.040815
2068.4434,0.029979
2069.3809,0.018997
2070.3184,0.018181
2071.2559,0.018181
2072.1934,0.019451
2073.1309,0.020816
2074.0684,0.024293
2075.0059,0.028029
2075.9434,0.031938
2076.8809,0.035929
2077.8184,0.038389
2078.7559,0.040768
2079.6934,0.041627
2080.6309,0.042345
2081.5684,0.045275
2082.5059,0.048420
2083.4434,0.049343
2084.3809,0.050074
2085.3184,0.048565
2086.2559,0.046869
2087.1934,0.046047
2088.1309,0.045323
2089.0684,0.044842
2090.0060,0.044360
2090.9435,0.044072
2091.8810,0.043832
2092.8185,0.040339
2093.7560,0.036543
2094.6935,0.034046
2095.6310,0.031704
2096.5685,0.030025
2097.5060,0.028399
2098.4435,0.023879
2099.3810,0.019088
2100.3185,0.018408
2101.2560,0.018181
2102.1935,0.017593
2103.1310,0.016915
2104.0685,0.016238
2105.0060,0.015563
2105.9435,0.014663
2106.8810,0.013766
2107.8185,0.013094
2108.7560,0.012423
2109.6935,0.012155
2110.6310,0.011932
2111.5685,0.011887
2112.5060,0.011887
2113.4435,0.011887
2114.3810,0.011887
2115.3185,0.011887
2116.2560,0.011887
2117.1935,0.011887
2118.1310,0.011887
2119.0685,0.012066
2120.0061,0.012289
2120.9436,0.012334
2121.8811,0.012334
2122.8186,0.012512
2123.7561,0.012736
2124.6936,0.013766
2125.6311,0.014888
2126.5686,0.015023
2127.5061,0.015023
2128.4436,0.015023
2129.3811,0.015023
2130.3186,0.015023
2131.2561,0.015023
2132.1936,0.015023
2133.1311,0.015023
2134.0686,0.014439
2135.0061,0.013766
2135.9436,0.013273
2136.8811,0.012825
2137.8186,0.012602
2138.7561,0.012378
2139.6936,0.012155
2140.6311,0.011932
2141.5686,0.011486
2142.5061,0.011040
2143.4436,0.010995
2144.3811,0.010995
2145.3186,0.010995
2146.2561,0.010995
2147.1936,0.010995
2148.1311,0.010995
2149.0686,0.010995
2150.0062,0.010995
2150.9437,0.010995
2151.8812,0.010995
2152.8187,0.010995
2153.7562,0.010995
2154.6937,0.010995
2155.6312,0.010995
2156.5687,0.010995
2157.5062,0.010995
2158.4437,0.010995
2159.3812,0.010995
2160.3187,0.010995
2161.2562,0.010995
2162.1937,0.010995
2163.1312,0.010995
2164.0687,0.010995
2165.0062,0.010995
2165.9437,0.010995
2166.8812,0.010995
2167.8187,0.010817
2168.7562,0.010595
2169.6937,0.010550
2170.6312,0.010550
2171.5687,0.010550
2172.5062,0.010550
2173.4437,0.010550
2174.3812,0.010550
2175.3187,0.010550
2176.2562,0.010550
2177.1937,0.010550
2178.1312,0.010550
2179.0688,0.010550
2180.0063,0.010550
2180.9438,0.010550
2181.8813,0.010550
2182.8188,0.010194
2183.7563,0.009750
2184.6938,0.009661
2185.6313,0.009661
2186.5688,0.009661
2187.5063,0.009661
2188.4438,0.009661
2189.3813,0.009661
2190.3188,0.009661
2191.2563,0.009661
2192.1938,0.009661
2193.1313,0.009661
2194.0688,0.009661
2195.0063,0.009661
2195.9438,0.009484
2196.8813,0.009262
2197.8188,0.009217
2198.7563,0.009217
2199.6938,0.009217
2200.6313,0.009217
2201.5688,0.009217
2202.5063,0.009217
2203.4438,0.009217
2204.3813,0.009217
2205.3188,0.009217
2206.2563,0.009217
2207.1938,0.009217
2208.1313,0.009217
2209.0689,0.009217
2210.0064,0.009217
2210.9439,0.009217
2211.8814,0.009217
2212.8189,0.009217
2213.7564,0.009217
2214.6939,0.009217
2215.6314,0.009217
2216.5689,0.009217
2217.5064,0.009217
2218.4439,0.009217
2219.3814,0.009217
2220.3189,0.009217
2221.2564,0.009217
2222.1939,0.009217
2223.1314,0.009217
2224.0689,0.009217
2225.0064,0.009217
2225.9439,0.009217
2226.8814,0.009217
2227.8189,0.009217
2228.7564,0.009217
2229.6939,0.009217
2230.6314,0.009217
2231.5689,0.008863
2232.5064,0.008420
2233.4439,0.008331
2234.3814,0.008331
2235.3189,0.008331
2236.2564,0.008331
2237.1939,0.008154
2238.1314,0.007933
2239.0690,0.007889
2240.0065,0.007889
2240.9440,0.007889
2241.8815,0.007889
2242.8190,0.007535
2243.7565,0.007093
2244.6940,0.007005
2245.6315,0.007005
2246.5690,0.007005
2247.5065,0.007005
2248.4440,0.007005
2249.3815,0.007005
2250.3190,0.007005
2251.2565,0.007005
2252.1940,0.007005
2253.1315,0.007005
2254.0690,0.007005
2255.0065,0.007005
2255.9440,0.007005
2256.8815,0.007005
2257.8190,0.007005
2258.7565,0.007005
2259.6940,0.007005
2260.6315,0.007005
2261.5690,0.007005
2262.5065,0.007005
2263.4440,0.007005
2264.3815,0.007005
2265.3190,0.007358
2266.2565,0.007756
2267.1940,0.007889
2268.1316,0.007889
2269.0691,0.007889
2270.0066,0.007889
2270.9441,0.007889
2271.8816,0.007889
2272.8191,0.007889
2273.7566,0.007889
2274.6941,0.007889
2275.6316,0.007889
2276.5691,0.007889
2277.5066,0.007889
2278.4441,0.007889
2279.3816,0.007889
2280.3191,0.007889
2281.2566,0.007889
2282.1941,0.007889
2283.1316,0.007889
2284.0691,0.007889
2285.0066,0.007889
2285.9441,0.007889
2286.8816,0.007889
2287.8191,0.007889
2288.7566,0.007889
2289.6941,0.007889
2290.6316,0.007889
2291.5691,0.007579
2292.5066,0.007137
2293.4441,0.007005
2294.3816,0.007005
2295.3191,0.007005
2296.2566,0.007005
2297.1941,0.007005
2298.1317,0.007005
2299.0692,0.007005
2300.0067,0.007005
2300.9442,0.007005
2301.8817,0.007005
2302.8192,0.007005
2303.7567,0.007005
2304.6942,0.007005
2305.6317,0.007005
2306.5692,0.007005
2307.5067,0.007005
2308.4442,0.007005
2309.3817,0.007005
2310.3192,0.007005
2311.2567,0.007005
2312.1942,0.007005
2313.1317,0.007005
2314.0692,0.007005
2315.0067,0.007005
2315.9442,0.007005
2316.8817,0.007005
2317.8192,0.007005
2318.7567,0.007005
2319.6942,0.007005
2320.6317,0.007005
2321.5692,0.007005
2322.5067,0.007005
2323.4442,0.007005
2324.3817,0.007005
2325.3192,0.007005
2326.2567,0.007005
2327.1942,0.007005
2328.1318,0.007005
2329.0693,0.007005
2330.0068,0.007005
2330.9443,0.007005
2331.8818,0.007005
2332.8193,0.007005
2333.7568,0.007005
2334.6943,0.007005
2335.6318,0.007005
2336.5693,0.007005
2337.5068,0.007005
2338.4443,0.007005
2339.3818,0.007005
2340.3193,0.006873
2341.2568,0.006652
2342.1943,0.006564
2343.1318,0.006564
2344.0693,0.006564
2345.0068,0.006564
2345.9443,0.006564
2346.8818,0.006564
2347.8193,0.006432
2348.7568,0.006211
2349.6943,0.006123
2350.6318,0.006123
2351.5693,0.006123
2352.5068,0.006123
2353.4443,0.006123
2354.3818,0.006123
2355.3193,0.006255
2356.2568,0.006476
2357.1943,0.006564
2358.1319,0.006564
2359.0694,0.006564
2360.0069,0.006564
2360.9444,0.006696
2361.8819,0.006917
2362.8194,0.007005
2363.7569,0.007005
2364.6944,0.007005
2365.6319,0.007005
2366.5694,0.007270
2367.5069,0.007712
2368.4444,0.007889
2369.3819,0.007889
2370.3194,0.008021
2371.2569,0.008242
2372.1944,0.008331
2373.1319,0.008331
2374.0694,0.008331
2375.0069,0.008331
2375.9444,0.008331
2376.8819,0.008331
2377.8194,0.008597
2378.7569,0.009040
2379.6944,0.009217
2380.6319,0.009217
2381.5694,0.009217
2382.5069,0.009217
2383.4444,0.009217
2384.3819,0.009217
2385.3194,0.009350
2386.2569,0.009572
2387.1944,0.009661
2388.1320,0.009661
2389.0695,0.009661
2390.0070,0.009661
2390.9445,0.009928
2391.8820,0.010372
2392.8195,0.010550
2393.7570,0.010550
2394.6945,0.010550
2395.6320,0.010550
2396.5695,0.010283
2397.5070,0.009839
2398.4445,0.009661
2399.3820,0.009661
2400.3195,0.009661
2401.2570,0.009661
2402.1945,0.009661
2403.1320,0.009661
2404.0695,0.009661
2405.0070,0.009661
2405.9445,0.009928
2406.8820,0.010372
2407.8195,0.010550
2408.7570,0.010550
2409.6945,0.010550
2410.6320,0.010550
2411.5695,0.010550
2412.5070,0.010550
2413.4445,0.010550
2414.3820,0.010550
2415.3195,0.010550
2416.2570,0.010550
2417.1945,0.010550
2418.1321,0.010550
2419.0696,0.010550
2420.0071,0.010550
2420.9446,0.010550
2421.8821,0.010550
2422.8196,0.010550
2423.7571,0.010550
2424.6946,0.010550
2425.6321,0.010550
2426.5696,0.010550
2427.5071,0.010550
2428.4446,0.010550
2429.3821,0.010550
2430.3196,0.010283
2431.2571,0.009839
2432.1946,0.009661
2433.1321,0.009661
2434.0696,0.009661
2435.0071,0.009661
2435.9446,0.009528
2436.8821,0.009306
2437.8196,0.009217
2438.7571,0.009217
2439.6946,0.009217
2440.6321,0.009217
2441.5696,0.009217
2442.5071,0.009217
2443.4446,0.009217
2444.3821,0.009217
2445.3196,0.009217
2446.2571,0.009217
2447.1946,0.008951
2448.1322,0.008508
2449.0697,0.008331
2450.0072,0.008331
2450.9447,0.008198
2451.8822,0.007977
2452.8197,0.007889
2453.7572,0.007889
2454.6947,0.007623
2455.6322,0.007181
2456.5697,0.007005
2457.5072,0.007005
2458.4447,0.007270
2459.3822,0.007712
2460.3197,0.007889
2461.2572,0.007889
2462.1947,0.007889
2463.1322,0.007889
2464.0697,0.007889
2465.0072,0.007889
2465.9447,0.007889
2466.8822,0.007889
2467.8197,0.007667
2468.7572,0.007181
2469.6947,0.007005
2470.6322,0.007005
2471.5697,0.007005
2472.5072,0.007005
2473.4447,0.007005
2474.3822,0.007005
2475.3197,0.007005
2476.2572,0.007005
2477.1947,0.007005
2478.1323,0.007005
2479.0698,0.006873
2480.0073,0.006652
2480.9448,0.006564
2481.8823,0.006564
2482.8198,0.006564
2483.7573,0.006564
2484.6948,0.006564
2485.6323,0.006564
2486.5698,0.006564
2487.5073,0.006564
2488.4448,0.006564
2489.3823,0.006564
2490.3198,0.006564
2491.2573,0.006564
2492.1948,0.006564
2493.1323,0.006564
2494.0698,0.006432
2495.0073,0.006211
2495.9448,0.006123
2496.8823,0.006123
2497.8198,0.006123
2498.7573,0.006123
2499.6948,0.006123
2500.6323,0.006123
2501.5698,0.006123
2502.5073,0.006123
2503.4448,0.006123
2504.3823,0.006123
2505.3198,0.006123
2506.2573,0.006123
2507.1949,0.006123
2508.1324,0.006123
2509.0699,0.006123
2510.0074,0.006123
2510.9449,0.006123
2511.8824,0.006123
2512.8199,0.006123
2513.7574,0.006123
2514.6949,0.006123
2515.6324,0.006123
2516.5699,0.006255
2517.5074,0.006476
2518.4449,0.006564
2519.3824,0.006564
2520.3199,0.006564
2521.2574,0.006564
2522.1949,0.006564
2523.1324,0.006564
2524.0699,0.006564
2525.0074,0.006564
2525.9449,0.006696
2526.8824,0.006917
2527.8199,0.007005
2528.7574,0.007005
2529.6949,0.007005
2530.6324,0.007005
2531.5699,0.007005
2532.5074,0.007005
2533.4449,0.007005
2534.3824,0.007005
2535.3199,0.007226
2536.2574,0.007667
2537.1950,0.007889
2538.1325,0.007889
2539.0700,0.007889
2540.0075,0.007889
2540.9450,0.007889
2541.8825,0.007889
2542.8200,0.007889
2543.7575,0.007889
2544.6950,0.007977
2545.6325,0.008198
2546.5700,0.008331
2547.5075,0.008331
2548.4450,0.008331
2549.3825,0.008331
2550.3200,0.008552
2551.2575,0.008996
2552.1950,0.009217
2553.1325,0.009217
2554.0700,0.009217
2555.0075,0.009217
2555.9450,0.009217
2556.8825,0.009217
2557.8200,0.009217
2558.7575,0.009217
2559.6950,0.009217
2560.6325,0.009217
2561.5700,0.008996
2562.5075,0.008552
2563.4450,0.008331
2564.3825,0.008331
2565.3200,0.008331
2566.2575,0.008331
2567.1951,0.008552
2568.1326,0.008996
2569.0701,0.009217
2570.0076,0.009217
2570.9451,0.009217
2571.8826,0.009217
2572.8201,0.009217
2573.7576,0.009217
2574.6951,0.009217
2575.6326,0.009217
2576.5701,0.009217
2577.5076,0.009217
2578.4451,0.009217
2579.3826,0.009217
2580.3201,0.009306
2581.2576,0.009528
2582.1951,0.009661
2583.1326,0.009661
2584.0701,0.009661
2585.0076,0.009661
2585.9451,0.009661
2586.8826,0.009661
2587.8201,0.009839
2588.7576,0.010283
2589.6951,0.010550
2590.6326,0.010550
2591.5701,0.010550
2592.5076,0.010550
2593.4451,0.010550
2594.3826,0.010550
2595.3201,0.010639
2596.2577,0.010862
2597.1952,0.010995
2598.1327,0.010995
2599.0702,0.010995
2600.0077,0.010995
2600.9452,0.011174
2601.8827,0.011619
2602.8202,0.011887
2603.7577,0.011887
2604.6952,0.011887
2605.6327,0.011887
2606.5702,0.011887
2607.5077,0.011887
2608.4452,0.011887
2609.3827,0.011887
2610.3202,0.011887
2611.2577,0.011887
2612.1952,0.011887
2613.1327,0.011887
2614.0702,0.011887
2615.0077,0.011887
2615.9452,0.011887
2616.8827,0.011887
2617.8202,0.011887
2618.7577,0.011887
2619.6952,0.011887
2620.6327,0.011887
2621.5702,0.011887
2622.5077,0.011887
2623.4452,0.011887
2624.3827,0.011887
2625.3202,0.011887
2626.2578,0.011887
2627.1953,0.011887
2628.1328,0.011887
2629.0703,0.011887
2630.0078,0.011887
2630.9453,0.011887
2631.8828,0.011887
2632.8203,0.011887
2633.7578,0.011887
2634.6953,0.011887
2635.6328,0.011887
2636.5703,0.011976
2637.5078,0.012200
2638.4453,0.012334
2639.3828,0.012334
2640.3203,0.012334
2641.2578,0.012334
2642.1953,0.012334
2643.1328,0.012334
2644.0703,0.012334
2645.0078,0.012334
2645.9453,0.012334
2646.8828,0.012334
2647.8203,0.012334
2648.7578,0.012334
2649.6953,0.012334
2650.6328,0.012334
2651.5703,0.012334
2652.5078,0.012334
2653.4453,0.012334
2654.3828,0.012334
2655.3203,0.012423
2656.2579,0.012647
2657.1954,0.012781
2658.1329,0.012781
2659.0704,0.012781
2660.0079,0.012781
2660.9454,0.012781
2661.8829,0.012781
2662.8204,0.012781
2663.7579,0.012781
2664.6954,0.012960
2665.6329,0.013407
2666.5704,0.013676
2667.5079,0.013676
2668.4454,0.013676
2669.3829,0.013676
2670.3204,0.013676
2671.2579,0.013676
2672.1954,0.013676
2673.1329,0.013676
2674.0704,0.013676
2675.0079,0.013676
2675.9454,0.013676
2676.8829,0.013676
2677.8204,0.013676
2678.7579,0.013676
2679.6954,0.013497
2680.6329,0.013049
2681.5704,0.012781
2682.5079,0.012781
2683.4454,0.012781
2684.3829,0.012781
2685.3204,0.012691
2686.2580,0.012468
2687.1955,0.012334
2688.1330,0.012334
2689.0705,0.012334
2690.0080,0.012334
2690.9455,0.012334
2691.8830,0.012334
2692.8205,0.012334
2693.7580,0.012334
2694.6955,0.012334
2695.6330,0.012334
2696.5705,0.012334
2697.5080,0.012334
2698.4455,0.012334
2699.3830,0.012334
2700.3205,0.012334
2701.2580,0.012334
2702.1955,0.012334
2703.1330,0.012334
2704.0705,0.012423
2705.0080,0.012647
2705.9455,0.012781
2706.8830,0.012781
2707.8205,0.012781
2708.7580,0.012781
2709.6955,0.012781
2710.6330,0.012781
2711.5705,0.012781
2712.5080,0.012781
2713.4455,0.012915
2714.3830,0.013363
2715.3205,0.013676
2716.2581,0.013676
2717.1956,0.013676
2718.1331,0.013676
2719.0706,0.013766
2720.0081,0.013990
2720.9456,0.014125
2721.8831,0.014125
2722.8206,0.014259
2723.7581,0.014708
2724.6956,0.015113
2725.6331,0.015338
2726.5706,0.015473
2727.5081,0.015473
2728.4456,0.015608
2729.3831,0.016058
2730.3206,0.016374
2731.2581,0.016374
2732.1956,0.016464
2733.1331,0.016690
2734.0706,0.016960
2735.0081,0.017412
2735.9456,0.017819
2736.8831,0.018000
2737.8206,0.018227
2738.7581,0.018453
2739.6956,0.018634
2740.6331,0.018634
2741.5706,0.018771
2742.5081,0.019224
2743.4456,0.019588
2744.3831,0.019815
2745.3206,0.020133
2746.2582,0.020588
2747.1957,0.021089
2748.1332,0.021774
2749.0707,0.022459
2750.0082,0.023146
2750.9457,0.023696
2751.8832,0.023925
2752.8207,0.024293
2753.7582,0.024982
2754.6957,0.025534
2755.6332,0.025765
2756.5707,0.026134
2757.5082,0.026826
2758.4457,0.027473
2759.3832,0.027936
2760.3207,0.028446
2761.2582,0.029142
2762.1957,0.029700
2763.1332,0.029932
2764.0707,0.030305
2765.0082,0.031004
2765.9457,0.031564
2766.8832,0.031797
2767.8207,0.032171
2768.7582,0.032873
2769.6957,0.033530
2770.6332,0.033999
2771.5707,0.034516
2772.5082,0.035222
2773.4457,0.036071
2774.3832,0.037252
2775.3208,0.038294
2776.2583,0.039006
2777.1958,0.039862
2778.1333,0.041006
2779.0708,0.041962
2780.0083,0.042201
2780.9458,0.042824
2781.8833,0.044505
2782.8208,0.046240
2783.7583,0.048177
2784.6958,0.050220
2785.6333,0.052664
2786.5708,0.054876
2787.5083,0.056407
2788.4458,0.057645
2789.3833,0.058141
2790.3208,0.058687
2791.2583,0.059434
2792.1958,0.060181
2793.1333,0.060930
2794.0708,0.062231
2795.0083,0.065249
2795.9458,0.069102
2796.8833,0.075772
2797.8208,0.081812
2798.7583,0.085498
2799.6958,0.089429
2800.6333,0.094258
2801.5708,0.099087
2802.5083,0.103694
2803.4458,0.108574
2804.3833,0.113848
2805.3209,0.119129
2806.2584,0.124071
2807.1959,0.128485
2808.1334,0.131121
2809.0709,0.133772
2810.0084,0.136439
2810.9459,0.143090
2811.8834,0.163423
2812.8209,0.180456
2813.7584,0.183427
2814.6959,0.186753
2815.6334,0.191047
2816.5709,0.196202
2817.5084,0.204120
2818.4459,0.212185
2819.3834,0.220404
2820.3209,0.230549
2821.2584,0.247875
2822.1959,0.263046
2823.1334,0.267767
2824.0709,0.273762
2825.0084,0.284164
2825.9459,0.292685
2826.8834,0.293965
2827.8209,0.294992
2828.7584,0.294992
2829.6959,0.294821
2830.6334,0.293965
2831.5709,0.292685
2832.5084,0.289713
2833.4459,0.286846
2834.3834,0.284331
2835.3210,0.282246
2836.2585,0.281831
2837.1960,0.280503
2838.1335,0.275560
2839.0710,0.270835
2840.0085,0.266803
2840.9460,0.263046
2841.8835,0.260269
2842.8210,0.257118
2843.7585,0.251967
2844.6960,0.253911
2845.6335,0.284080
2846.5710,0.316683
2847.5085,0.352715
2848.4460,0.392009
2849.3835,0.434624
2850.3210,0.464706
2851.2585,0.427245
2852.1960,0.381011
2853.1335,0.296537
2854.0710,0.241391
2855.0085,0.259479
2855.9460,0.277448
2856.8835,0.291579
2857.8210,0.304956
2858.7585,0.312471
2859.6960,0.320118
2860.6335,0.327902
2861.5710,0.337242
2862.5085,0.354185
2863.4460,0.371918
2864.3835,0.390086
2865.3211,0.409158
2866.2586,0.429107
2867.1961,0.446238
2868.1336,0.446845
2869.0711,0.447453
2870.0086,0.448062
2870.9461,0.447210
2871.8836,0.439376
2872.8211,0.432033
2873.7586,0.426200
2874.6961,0.420445
2875.6336,0.414765
2876.5711,0.409716
2877.5086,0.407490
2878.4461,0.404504
2879.3836,0.397397
2880.3211,0.390192
2881.2586,0.381638
2882.1961,0.373352
2883.1336,0.365825
2884.0711,0.358328
2885.0086,0.351542
2885.9461,0.344862
2886.8836,0.339135
2887.8211,0.334044
2888.7586,0.331707
2889.6961,0.329569
2890.6336,0.328642
2891.5711,0.327717
2892.5086,0.326334
2893.4461,0.325506
2894.3836,0.328272
2895.3212,0.331707
2896.2587,0.338661
2897.1962,0.345823
2898.1337,0.352519
2899.0712,0.359320
2900.0087,0.365422
2900.9462,0.371713
2901.8837,0.378824
2902.8212,0.386158
2903.7587,0.392974
2904.6962,0.401757
2905.6337,0.421361
2906.5712,0.439376
2907.5087,0.442974
2908.4462,0.446724
2909.3837,0.450997
2910.3212,0.455436
2911.2587,0.461049
2912.1962,0.468649
2913.1337,0.490260
2914.0712,0.510323
2915.0087,0.512437
2915.9462,0.514279
2916.8837,0.514279
2917.8212,0.517555
2918.7587,0.546682
2919.6962,0.574629
2920.6337,0.583692
2921.5712,0.594483
2922.5087,0.615288
2923.4462,0.634699
2924.3837,0.636576
2925.3213,0.638083
2926.2588,0.636200
2927.1963,0.633764
2928.1338,0.628378
2929.0713,0.622512
2930.0088,0.614394
2930.9463,0.607655
2931.8838,0.610302
2932.8213,0.613501
2933.7588,0.621602
2934.6963,0.629857
2935.6338,0.639217
2936.5713,0.648784
2937.5088,0.658565
2938.4463,0.667764
2939.3838,0.668775
2940.3213,0.669586
2941.2588,0.669586
2942.1963,0.669789
2943.1338,0.671824
2944.0713,0.673664
2945.0088,0.673664
2945.9463,0.673459
2946.8838,0.671417
2947.8213,0.669586
2948.7588,0.668573
2949.6963,0.667562
2950.6338,0.667562
2951.5713,0.667360
2952.5088,0.665345
2953.4463,0.663540
2954.3839,0.662541
2955.3214,0.661544
2956.2589,0.661544
2957.1964,0.661544
2958.1339,0.660549
2959.0714,0.659358
2960.0089,0.657380
2960.9464,0.655608
2961.8839,0.654626
2962.8214,0.653647
2963.7589,0.653647
2964.6964,0.653647
2965.6339,0.653647
2966.5714,0.654822
2967.5089,0.668573
2968.4464,0.682982
2969.3839,0.695509
2970.3214,0.707966
2971.2589,0.711304
2972.1964,0.714443
2973.1339,0.714443
2974.0714,0.714443
2975.0089,0.715569
2975.9464,0.716925
2976.8839,0.720333
2977.8214,0.723538
2978.7589,0.723538
2979.6964,0.723308
2980.6339,0.721018
2981.5714,0.718285
2982.5089,0.709298
2983.4464,0.700711
2984.3839,0.693146
2985.3215,0.684240
2986.2590,0.652865
2987.1965,0.624702
2988.1340,0.614751
2989.0715,0.605023
2990.0090,0.593801
2990.9465,0.583027
2991.8840,0.575608
2992.8215,0.568475
2993.7590,0.563519
2994.6965,0.558148
2995.6340,0.542724
2996.5715,0.527975
2997.5090,0.514989
2998.4465,0.502379
2999.3840,0.490932
3000.3215,0.478993
3001.2590,0.456677
3002.1965,0.436163
3003.1340,0.427942
3004.0715,0.419988
3005.0090,0.414878
3005.9465,0.409827
3006.8840,0.405497
3007.8215,0.401538
3008.7590,0.410944
3009.6965,0.420216
3010.6340,0.420216
3011.5715,0.419874
3012.5090,0.408490
3013.4465,0.397723
3014.3841,0.392867
3015.3216,0.388064
3016.2591,0.383314
3017.1966,0.378616
3018.1341,0.372942
3019.0716,0.367138
3020.0091,0.356251
3020.9466,0.345246
3021.8841,0.325966
3022.8216,0.307858
3023.7591,0.300422
3024.6966,0.293197
3025.6341,0.289375
3026.5716,0.285670
3027.5091,0.285251
3028.4466,0.284749
3029.3841,0.279345
3030.3216,0.274007
3031.2591,0.264641
3032.1966,0.255629
3033.1341,0.253677
3034.0716,0.251734
3035.0091,0.249800
3035.9466,0.247952
3036.8841,0.246034
3037.8216,0.244125
3038.7591,0.242984
3039.6966,0.241618
3040.6341,0.220981
3041.5716,0.201280
3042.5091,0.194431
3043.4466,0.187755
3044.3842,0.182435
3045.3217,0.177178
3046.2592,0.174899
3047.1967,0.172631
3048.1342,0.175874
3049.0717,0.179142
3050.0092,0.180127
3050.9467,0.181115
3051.8842,0.180127
3052.8217,0.179011
3053.7592,0.150151
3054.6967,0.123205
3055.6342,0.119186
3056.5717,0.115205
3057.5092,0.112383
3058.4467,0.109579
3059.3842,0.106016
3060.3217,0.102428
3061.2592,0.100453
3062.1967,0.098542
3063.1342,0.095880
3064.0717,0.093180
3065.0092,0.090497
3065.9467,0.087831
3066.8842,0.085974
3067.8217,0.084125
3068.7592,0.082022
3069.6967,0.079877
3070.6342,0.078054
3071.5717,0.076238
3072.5092,0.073966
3073.4467,0.071655
3074.3843,0.069102
3075.3218,0.066563
3076.2593,0.062081
3077.1968,0.057595
3078.1343,0.054827
3079.0718,0.052174
3080.0093,0.050415
3080.9468,0.048711
3081.8843,0.047740
3082.8218,0.046772
3083.7593,0.043687
3084.6968,0.040625
3085.6343,0.039815
3086.5718,0.039101
3087.5093,0.037015
3088.4468,0.034845
3089.3843,0.033905
3090.3218,0.032967
3091.2593,0.032218
3092.1968,0.031564
3093.1343,0.030631
3094.0718,0.029700
3095.0093,0.027890
3095.9468,0.026041
3096.8843,0.025074
3097.8218,0.024155
3098.7593,0.023237
3099.6968,0.022322
3100.6343,0.021637
3101.5718,0.020953
3102.5093,0.020497
3103.4469,0.020042
3104.3844,0.019360
3105.3219,0.018680
3106.2594,0.018408
3107.1969,0.018181
3108.1344,0.017548
3109.0719,0.016870
3110.0094,0.016193
3110.9469,0.015518
3111.8844,0.014843
3112.8219,0.014170
3113.7594,0.013273
3114.6969,0.012378
3115.6344,0.012110
3116.5719,0.011887
3117.5094,0.011887
3118.4469,0.011887
3119.3844,0.011486
3120.3219,0.011040
3121.2594,0.010995
3122.1969,0.010995
3123.1344,0.010773
3124.0719,0.010550
3125.0094,0.010550
3125.9469,0.010550
3126.8844,0.010150
3127.8219,0.009706
3128.7594,0.009439
3129.6969,0.009217
3130.6344,0.009217
3131.5719,0.009217
3132.5094,0.008818
3133.4470,0.008375
3134.3845,0.008331
3135.3220,0.008331
3136.2595,0.008331
3137.1970,0.008331
3138.1345,0.008331
3139.0720,0.008331
3140.0095,0.008331
3140.9470,0.008331
3141.8845,0.008331
3142.8220,0.008331
3143.7595,0.008331
3144.6970,0.008331
3145.6345,0.008110
3146.5720,0.007889
3147.5095,0.007889
3148.4470,0.007889
3149.3845,0.007889
3150.3220,0.007889
3151.2595,0.007889
3152.1970,0.007889
3153.1345,0.007889
3154.0720,0.007889
3155.0095,0.007889
3155.9470,0.007889
3156.8845,0.007889
3157.8220,0.007889
3158.7595,0.007491
3159.6970,0.007049
3160.6345,0.007005
3161.5720,0.007005
3162.5095,0.007005
3163.4471,0.007005
3164.3846,0.006784
3165.3221,0.006608
3166.2596,0.006564
3167.1971,0.006564
3168.1346,0.006564
3169.0721,0.006564
3170.0096,0.006387
3170.9471,0.006167
3171.8846,0.006123
3172.8221,0.006123
3173.7596,0.006123
3174.6971,0.006123
3175.6346,0.006123
3176.5721,0.006123
3177.5096,0.006123
3178.4471,0.006123
3179.3846,0.005727
3180.3221,0.005287
3181.2596,0.005243
3182.1971,0.005243
3183.1346,0.005243
3184.0721,0.005243
3185.0096,0.005243
3185.9471,0.005243
3186.8846,0.005243
3187.8221,0.005243
3188.7596,0.005243
3189.6971,0.005243
3190.6346,0.005243
3191.5721,0.005243
3192.5096,0.005243
3193.4472,0.005243
3194.3847,0.005243
3195.3222,0.005243
3196.2597,0.005243
3197.1972,0.005243
3198.1347,0.005243
3199.0722,0.005243
3200.0097,0.005243
3200.9472,0.005243
3201.8847,0.005243
3202.8222,0.005243
3203.7597,0.005243
3204.6972,0.005243
3205.6347,0.005243
3206.5722,0.005243
3207.5097,0.005243
3208.4472,0.005243
3209.3847,0.005243
3210.3222,0.005243
3211.2597,0.005243
3212.1972,0.005243
3213.1347,0.005243
3214.0722,0.005243
3215.0097,0.005243
3215.9472,0.005243
3216.8847,0.005243
3217.8222,0.005243
3218.7597,0.005243
3219.6972,0.005243
3220.6347,0.005243
3221.5722,0.005243
3222.5097,0.005067
3223.4473,0.004848
3224.3848,0.004453
3225.3223,0.004014
3226.2598,0.003926
3227.1973,0.003926
3228.1348,0.003926
3229.0723,0.003926
3230.0098,0.003926
3230.9473,0.003926
3231.8848,0.003926
3232.8223,0.003926
3233.7598,0.003926
3234.6973,0.003926
3235.6348,0.003926
3236.5723,0.003926
3237.5098,0.003926
3238.4473,0.003926
3239.3848,0.003926
3240.3223,0.003926
3241.2598,0.003926
3242.1973,0.003926
3243.1348,0.003926
3244.0723,0.003926
3245.0098,0.003926
3245.9473,0.003926
3246.8848,0.003926
3247.8223,0.003926
3248.7598,0.003926
3249.6973,0.003926
3250.6348,0.003926
3251.5723,0.003926
3252.5098,0.003926
3253.4474,0.003926
3254.3849,0.003926
3255.3224,0.003926
3256.2599,0.003926
3257.1974,0.003926
3258.1349,0.003926
3259.0724,0.003926
3260.0099,0.003926
3260.9474,0.003926
3261.8849,0.003926
3262.8224,0.003926
3263.7599,0.003926
3264.6974,0.003926
3265.6349,0.003926
3266.5724,0.003926
3267.5099,0.003926
3268.4474,0.003926
3269.3849,0.003926
3270.3224,0.003926
3271.2599,0.003926
3272.1974,0.003926
3273.1349,0.003926
3274.0724,0.003926
3275.0099,0.003926
3275.9474,0.003926
3276.8849,0.003926
3277.8224,0.003926
3278.7599,0.003926
3279.6974,0.003926
3280.6349,0.003926
3281.5724,0.003926
3282.5100,0.003926
3283.4475,0.003926
3284.3850,0.003926
3285.3225,0.003926
3286.2600,0.003751
3287.1975,0.003532
3288.1350,0.003488
3289.0725,0.003488
3290.0100,0.003488
3290.9475,0.003488
3291.8850,0.003488
3292.8225,0.003488
3293.7600,0.003488
3294.6975,0.003488
3295.6350,0.003488
3296.5725,0.003488
3297.5100,0.003488
3298.4475,0.003488
3299.3850,0.003488
3300.3225,0.003488
3301.2600,0.003488
3302.1975,0.003488
3303.1350,0.003488
3304.0725,0.003488
3305.0100,0.003488
3305.9475,0.003488
3306.8850,0.003488
3307.8225,0.003488
3308.7600,0.003488
3309.6975,0.003488
3310.6350,0.003488
3311.5725,0.003488
3312.5100,0.003488
3313.4476,0.003488
3314.3851,0.003488
3315.3226,0.003488
3316.2601,0.003663
3317.1976,0.003883
3318.1351,0.003926
3319.0726,0.003926
3320.0101,0.003926
3320.9476,0.003926
3321.8851,0.003926
3322.8226,0.003926
3323.7601,0.003926
3324.6976,0.003926
3325.6351,0.003926
3326.5726,0.003926
3327.5101,0.003926
3328.4476,0.003926
3329.3851,0.003926
3330.3226,0.003926
3331.2601,0.003926
3332.1976,0.003926
3333.1351,0.003926
3334.0726,0.003926
3335.0101,0.003926
3335.9476,0.003926
3336.8851,0.003926
3337.8226,0.003926
3338.7601,0.004233
3339.6976,0.004672
3340.6351,0.004804
3341.5726,0.004804
3342.5102,0.004804
3343.4477,0.004804
3344.3852,0.004804
3345.3227,0.004804
3346.2602,0.004804
3347.1977,0.004804
3348.1352,0.004804
3349.0727,0.004804
3350.0102,0.004804
3350.9477,0.004804
3351.8852,0.004804
3352.8227,0.004804
3353.7602,0.004804
3354.6977,0.004804
3355.6352,0.004979
3356.5727,0.005199
3357.5102,0.005243
3358.4477,0.005243
3359.3852,0.005243
3360.3227,0.005243
3361.2602,0.005243
3362.1977,0.005243
3363.1352,0.005243
3364.0727,0.005243
3365.0102,0.005243
3365.9477,0.005243
3366.8852,0.005243
3367.8227,0.005243
3368.7602,0.005243
3369.6977,0.005243
3370.6352,0.005551
3371.5727,0.005991
3372.5103,0.006123
3373.4478,0.006123
3374.3853,0.006123
3375.3228,0.006123
3376.2603,0.006123
3377.1978,0.006123
3378.1353,0.006123
3379.0728,0.006123
3380.0103,0.006123
3380.9478,0.006123
3381.8853,0.006123
3382.8228,0.006123
3383.7603,0.006255
3384.6978,0.006476
3385.6353,0.006564
3386.5728,0.006564
3387.5103,0.006564
3388.4478,0.006564
3389.3853,0.006432
3390.3228,0.006211
3391.2603,0.006123
3392.1978,0.006123
3393.1353,0.006123
3394.0728,0.006123
3395.0103,0.006123
3395.9478,0.006123
3396.8853,0.006123
3397.8228,0.006123
3398.7603,0.006255
3399.6978,0.006476
3400.6353,0.006564
3401.5728,0.006564
3402.5104,0.006564
3403.4479,0.006564
3404.3854,0.006696
3405.3229,0.006917
3406.2604,0.007005
3407.1979,0.007005
3408.1354,0.007005
3409.0729,0.007005
3410.0104,0.007005
3410.9479,0.007005
3411.8854,0.007005
3412.8229,0.007005
3413.7604,0.007005
3414.6979,0.007005
3415.6354,0.007314
3416.5729,0.007756
3417.5104,0.007889
3418.4479,0.007889
3419.3854,0.007889
3420.3229,0.007889
3421.2604,0.007889
3422.1979,0.007889
3423.1354,0.007889
3424.0729,0.007889
3425.0104,0.008021
3425.9479,0.008242
3426.8854,0.008331
3427.8229,0.008331
3428.7604,0.008331
3429.6979,0.008331
3430.6354,0.008331
3431.5730,0.008331
3432.5105,0.008331
3433.4480,0.008331
3434.3855,0.008331
3435.3230,0.008331
3436.2605,0.008331
3437.1980,0.008331
3438.1355,0.008331
3439.0730,0.008331
3440.0105,0.008198
3440.9480,0.007977
3441.8855,0.008021
3442.8230,0.008242
3443.7605,0.008331
3444.6980,0.008331
3445.6355,0.008331
3446.5730,0.008331
3447.5105,0.008331
3448.4480,0.008331
3449.3855,0.008331
3450.3230,0.008331
3451.2605,0.008331
3452.1980,0.008331
3453.1355,0.008331
3454.0730,0.008331
3455.0105,0.008331
3455.9480,0.008331
3456.8855,0.008331
3457.8230,0.008331
3458.7605,0.008331
3459.6980,0.008331
3460.6355,0.008331
3461.5730,0.008331
3462.5106,0.008331
3463.4481,0.008331
3464.3856,0.008331
3465.3231,0.008331
3466.2606,0.008331
3467.1981,0.008331
3468.1356,0.008331
3469.0731,0.008331
3470.0106,0.008331
3470.9481,0.008331
3471.8856,0.008597
3472.8231,0.009040
3473.7606,0.009217
3474.6981,0.009217
3475.6356,0.009217
3476.5731,0.009217
3477.5106,0.009350
3478.4481,0.009572
3479.3856,0.009661
3480.3231,0.009661
3481.2606,0.009928
3482.1981,0.010372
3483.1356,0.010550
3484.0731,0.010550
3485.0106,0.010550
3485.9481,0.010550
3486.8856,0.010550
3487.8231,0.010550
3488.7606,0.010283
3489.6981,0.009839
3490.6356,0.009661
3491.5732,0.009661
3492.5107,0.009661
3493.4482,0.009661
3494.3857,0.009661
3495.3232,0.009661
3496.2607,0.009661
3497.1982,0.009661
3498.1357,0.009528
3499.0732,0.009306
3500.0107,0.009217
3500.9482,0.009217
3501.8857,0.009217
3502.8232,0.009217
3503.7607,0.009217
3504.6982,0.009217
3505.6357,0.009217
3506.5732,0.009217
3507.5107,0.009217
3508.4482,0.009217
3509.3857,0.009217
3510.3232,0.009217
3511.2607,0.009217
3512.1982,0.009217
3513.1357,0.009217
3514.0732,0.009217
3515.0107,0.009217
3515.9482,0.009217
3516.8857,0.009217
3517.8232,0.009217
3518.7607,0.009217
3519.6982,0.009217
3520.6357,0.009217
3521.5733,0.009217
3522.5108,0.009350
3523.4483,0.009572
3524.3858,0.009661
3525.3233,0.009661
3526.2608,0.009928
3527.1983,0.010328
3528.1358,0.010684
3529.0733,0.010906
3530.0108,0.010995
3530.9483,0.010995
3531.8858,0.010995
3532.8233,0.010995
3533.7608,0.010995
3534.6983,0.010995
3535.6358,0.010995
3536.5733,0.010995
3537.5108,0.010995
3538.4483,0.010995
3539.3858,0.010862
3540.3233,0.010639
3541.2608,0.010550
3542.1983,0.010550
3543.1358,0.010550
3544.0733,0.010550
3545.0108,0.010550
3545.9483,0.010550
3546.8858,0.010684
3547.8233,0.010906
3548.7608,0.011218
3549.6983,0.011664
3550.6358,0.011887
3551.5734,0.011887
3552.5109,0.012021
3553.4484,0.012244
3554.3859,0.012334
3555.3234,0.012334
3556.2609,0.012468
3557.1984,0.012691
3558.1359,0.013004
3559.0734,0.013452
3560.0109,0.014035
3560.9484,0.014708
3561.8859,0.015383
3562.8234,0.016058
3563.7609,0.016509
3564.6984,0.016735
3565.6359,0.017186
3566.5734,0.017865
3567.5109,0.018317
3568.4484,0.018544
3569.3859,0.018997
3570.3234,0.019678
3571.2609,0.020224
3572.1984,0.020679
3573.1359,0.021226
3574.0734,0.021911
3575.0109,0.022734
3575.9484,0.023650
3576.8859,0.024476
3577.8234,0.025166
3578.7609,0.025949
3579.6984,0.026872
3580.6359,0.027705
3581.5735,0.028399
3582.5110,0.029049
3583.4485,0.029746
3584.3860,0.030351
3585.3235,0.030817
3586.2610,0.031144
3587.1985,0.031377
3588.1360,0.031844
3589.0735,0.032546
3590.0110,0.033389
3590.9485,0.034328
3591.8860,0.035034
3592.8235,0.035505
3593.7610,0.035740
3594.6985,0.035740
3595.6360,0.035740
3596.5735,0.035740
3597.5110,0.036071
3598.4485,0.036779
3599.3860,0.037725
3600.3235,0.038911
3601.2610,0.040196
3602.1985,0.041627
3603.1360,0.042872
3604.0735,0.043784
3605.0110,0.044890
3605.9485,0.046095
3606.8860,0.046820
3607.8235,0.047062
3608.7610,0.047450
3609.6985,0.047934
3610.6361,0.048274
3611.5736,0.048517
3612.5111,0.049003
3613.4486,0.049733
3614.3861,0.051147
3615.3236,0.053351
3616.2611,0.054975
3617.1986,0.055962
3618.1361,0.057298
3619.0736,0.059036
3620.0111,0.061030
3620.9486,0.063285
3621.8861,0.064946
3622.8236,0.065956
3623.7611,0.066867
3624.6986,0.067628
3625.6361,0.068288
3626.5736,0.068746
3627.5111,0.070530
3628.4486,0.073863
3629.3861,0.079616
3630.3236,0.088576
3631.2611,0.096639
3632.1986,0.103584
3633.1361,0.107738
3634.0736,0.108574
3635.0111,0.109803
3635.9486,0.111484
3636.8861,0.113791
3637.8236,0.116907
3638.7611,0.120159
3639.6986,0.123609
3640.6361,0.126912
3641.5737,0.130123
3642.5112,0.138525
3643.4487,0.154034
3644.3862,0.164246
3645.3237,0.167108
3646.2612,0.170954
3647.1987,0.176135
3648.1362,0.182369
3649.0737,0.190036
3650.0112,0.195520
3650.9487,0.197911
3651.8862,0.199764
3652.8237,0.200797
3653.7612,0.201211
3654.6987,0.200866
3655.6362,0.199489
3656.5737,0.196748
3657.5112,0.193752
3658.4487,0.190373
3659.3862,0.188291
3660.3237,0.187956
3661.2612,0.186486
3662.1987,0.183494
3663.1362,0.180983
3664.0737,0.179011
3665.0112,0.177309
3665.9487,0.176004
3666.8862,0.175224
3667.8237,0.175224
3668.7612,0.179208
3669.6987,0.189230
3670.6363,0.199764
3671.5738,0.210913
3672.5113,0.222211
3673.4488,0.233513
3674.3863,0.231362
3675.3238,0.210490
3676.2613,0.183030
3677.1988,0.147215
3678.1363,0.133181
3679.0738,0.148191
3680.0113,0.164056
3680.9488,0.181180
3681.8863,0.192330
3682.8238,0.193684
3683.7613,0.195315
3684.6988,0.197363
3685.6363,0.199283
3686.5738,0.201004
3687.5113,0.202732
3688.4488,0.204468
3689.3863,0.205651
3690.3238,0.206000
3691.2613,0.206489
3692.1988,0.207188
3693.1363,0.207608
3694.0738,0.207608
3695.0113,0.207608
3695.9488,0.207608
3696.8863,0.207188
3697.8238,0.206140
3698.7613,0.205094
3699.6988,0.204051
3700.6364,0.202663
3701.5739,0.200591
3702.5114,0.198528
3703.4489,0.196475
3704.3864,0.194159
3705.3239,0.191451
3706.2614,0.188425
3707.1989,0.184688
3708.1364,0.181180
3709.0739,0.177897
3710.0114,0.171791
3710.9489,0.161277
3711.8864,0.148191
3712.8239,0.130827
3713.7614,0.118958
3714.6989,0.115261
3715.6364,0.110474
3716.5739,0.103805
3717.5114,0.098433
3718.4489,0.095176
3719.3864,0.090872
3720.3239,0.084811
3721.2614,0.080086
3722.1989,0.077742
3723.1364,0.074791
3724.0739,0.070683
3725.0114,0.065956
3725.9489,0.060131
3726.8864,0.055419
3727.8239,0.052468
3728.7614,0.049635
3729.6989,0.046966
3730.6365,0.044408
3731.5740,0.042010
3732.5115,0.039720
3733.4490,0.037583
3734.3865,0.036118
3735.3240,0.035882
3736.2615,0.035081
3737.1990,0.033201
3738.1365,0.031564
3739.0740,0.030398
3740.0115,0.029421
3740.9490,0.028724
3741.8865,0.028260
3742.8240,0.028260
3743.7615,0.028121
3744.6990,0.027658
3745.6365,0.027103
3746.5740,0.026410
3747.5115,0.025626
3748.4490,0.024706
3749.3865,0.023788
3750.3240,0.022871
3751.2615,0.022048
3752.1990,0.021363
3753.1365,0.020543
3754.0740,0.019406
3755.0115,0.018499
3755.9490,0.018046
3756.8865,0.017277
3757.8240,0.015923
3758.7615,0.014529
3759.6991,0.012960
3760.6366,0.011753
3761.5741,0.011307
3762.5116,0.010728
3763.4491,0.009794
3764.3866,0.009084
3765.3241,0.008641
3766.2616,0.008331
3767.1991,0.008331
3768.1366,0.008242
3769.0741,0.008021
3770.0116,0.007889
3770.9491,0.007889
3771.8866,0.007756
3772.8241,0.007314
3773.7616,0.007005
3774.6991,0.007005
3775.6366,0.007005
3776.5741,0.007005
3777.5116,0.007005
3778.4491,0.007005
3779.3866,0.007137
3780.3241,0.007579
3781.2616,0.007889
3782.1991,0.007889
3783.1366,0.007889
3784.0741,0.007889
3785.0116,0.007977
3785.9491,0.008198
3786.8866,0.008331
3787.8241,0.008331
3788.7616,0.008331
3789.6991,0.008331
3790.6367,0.008464
3791.5742,0.008907
3792.5117,0.009217
3793.4492,0.009217
3794.3867,0.009262
3795.3242,0.009484
3796.2617,0.009484
3797.1992,0.008818
3798.1367,0.008331
3799.0742,0.008331
3800.0117,0.008331
3800.9492,0.008331
3801.8867,0.008464
3802.8242,0.008907
3803.7617,0.009217
3804.6992,0.009217
3805.6367,0.009262
3806.5742,0.009484
