temperature [K],pressure [MPa],x_R32,y_R32
278.1,0.553,0,0
278.1,0.727,0.043,0.236
278.1,0.936,0.124,0.419
278.1,1.109,0.262,0.526
278.1,1.189,0.424,0.596
278.1,1.201,0.474,0.61
278.1,1.209,0.516,0.622
278.1,1.215,0.563,0.634
278.1,1.218,0.583,0.639
278.1,1.22,0.608,0.646
278.1,1.221,0.628,0.651
278.1,1.222,0.673,0.664
278.1,1.221,0.68,0.666
278.1,1.214,0.756,0.693
278.1,1.205,0.791,0.711
278.1,1.131,0.909,0.805
278.1,1.023,0.975,0.921
278.1,0.956,1,1
294.83,0.874,0,0
294.83,0.926,0.008,0.049
294.83,1.123,0.046,0.206
294.83,1.206,0.064,0.261
294.83,1.406,0.123,0.37
294.83,1.693,0.264,0.508
294.83,1.84,0.439,0.584
294.83,1.897,0.599,0.645
294.83,1.9,0.618,0.65
294.83,1.906,0.694,0.684
294.83,1.903,0.731,0.699
294.83,1.897,0.759,0.713
294.83,1.88,0.802,0.746
294.83,1.715,0.941,0.877
294.83,1.677,0.957,0.903
294.83,1.547,1,1
303.23,1.255,0.027,0.126
303.23,1.492,0.073,0.258
303.23,1.824,0.165,0.404
303.23,2.076,0.287,0.503
303.23,2.262,0.456,0.59
303.23,2.311,0.535,0.615
303.23,2.317,0.564,0.63
303.23,2.336,0.646,0.665
303.23,2.34,0.694,0.689
303.23,2.345,0.705,0.695
303.23,2.318,0.794,0.747
303.23,2.226,0.89,0.824
303.23,2.094,0.953,0.916
303.23,1.937,1,1
313.26,1.496,0.017,0.075
313.26,1.608,0.034,0.133
313.26,2.344,0.198,0.412
313.26,2.54,0.272,0.475
313.26,2.72,0.367,0.53
313.26,2.844,0.468,0.583
313.26,2.931,0.582,0.639
313.26,2.94,0.605,0.649
313.26,2.952,0.622,0.658
313.26,2.964,0.71,0.705
313.26,2.923,0.799,0.761
313.26,2.88,0.844,0.797
313.26,2.685,0.947,0.901
313.26,2.491,1,1
343.26,2.591,0,0
343.26,3.139,0.065,0.146
343.26,3.499,0.113,0.226
343.26,3.964,0.188,0.31
343.26,4.222,0.237,0.345
343.26,4.442,0.282,0.375
343.26,4.702,0.345,0.42
343.26,5.009,0.432,0.472
343.26,5.077,0.457,0.48
343.26,5.451,0.858,0.849
343.26,5.413,0.876,0.866
343.26,5.308,0.911,0.901
343.26,5.259,0.924,0.915
343.26,5.201,0.939,0.93
343.26,5.049,0.972,0.965
343.26,4.94,0.992,0.989
343.26,4.892,1,1
